DATE (MM/DD/YYYY),HOUR-MST,Avg Global PSP [W/m^2],Avg Direct NIP [W/m^2],Avg Diffuse SD PSP [W/m^2],Avg Air Temp [deg C]
8/1/2000,1,-4.5195,0.4314,0.0000,21.2913
8/1/2000,2,-4.7273,0.0598,0.0000,21.0346
8/1/2000,3,-4.1668,0.2571,0.0000,20.8023
8/1/2000,4,-4.2195,0.1485,0.0000,20.6177
8/1/2000,5,-4.0065,-0.0236,0.0000,20.2947
8/1/2000,6,34.5683,93.0810,23.4135,20.6977
8/1/2000,7,178.6760,307.6873,92.2602,22.7572
8/1/2000,8,352.0060,432.9895,152.4790,27.7797
8/1/2000,9,537.9430,550.5603,193.4288,32.7700
8/1/2000,10,727.2137,624.9145,250.7960,35.0380
8/1/2000,11,832.1172,596.1857,318.2055,36.3153
8/1/2000,12,927.2587,668.7022,314.5158,37.6002
8/1/2000,13,920.5993,656.1525,316.0650,37.7761
8/1/2000,14,885.9895,709.1542,263.9747,37.6277
8/1/2000,15,768.1672,680.2540,232.1980,38.8904
8/1/2000,16,600.8602,612.9223,197.5042,38.8427
8/1/2000,17,426.6455,492.2967,180.5087,37.8359
8/1/2000,18,111.8632,104.5568,71.3285,33.7541
8/1/2000,19,18.0047,4.1130,17.1132,29.5423
8/1/2000,20,-5.1948,-0.5561,0.0000,27.0596
8/1/2000,21,-6.6277,0.0411,0.0000,25.8353
8/1/2000,22,-3.4942,0.3855,0.0000,25.3477
8/1/2000,23,-3.5713,-0.4152,0.0000,23.1021
8/2/2000,0,-4.0363,-0.1515,0.0000,22.3581
8/2/2000,1,-2.6195,0.8722,0.0000,23.0989
8/2/2000,2,-5.0937,-0.0870,0.0000,23.1775
8/2/2000,3,-3.8250,0.6116,0.0000,23.7501
8/2/2000,4,-6.0978,-1.1042,0.0000,21.5591
8/2/2000,5,-4.5388,-0.3572,0.0000,18.9683
8/2/2000,6,34.5957,87.1755,24.0150,19.1612
8/2/2000,7,174.8597,331.5107,82.6087,22.3743
8/2/2000,8,340.4015,440.9187,139.4628,26.1376
8/2/2000,9,535.0600,566.0788,181.6558,30.8295
8/2/2000,10,729.8203,676.4940,214.7365,34.1116
8/2/2000,11,871.0440,730.6023,242.2608,35.3125
8/2/2000,12,969.7787,748.5850,285.1292,36.3209
8/2/2000,13,489.3628,194.2997,307.6405,35.9452
8/2/2000,14,479.2777,168.6449,333.2397,33.2164
8/2/2000,15,153.4153,10.8822,141.4852,34.2874
8/2/2000,16,173.6562,-0.1678,173.1300,29.6441
8/2/2000,17,140.7460,-1.2658,140.7460,28.4688
8/2/2000,18,30.6530,-0.9741,30.6487,27.8829
8/2/2000,19,8.2940,0.3555,8.2422,27.1867
8/2/2000,20,-2.3733,0.3032,0.0475,27.6694
8/2/2000,21,-3.2973,-0.2026,0.0000,27.0848
8/2/2000,22,-2.8237,0.2485,0.0000,26.7048
8/2/2000,23,-3.7845,-0.1747,0.0000,25.3954
8/3/2000,0,-3.6068,0.2635,-0.1125,24.9685
8/3/2000,1,-4.0907,-0.1356,-7.7522,24.7549
8/3/2000,2,-3.9258,0.0948,-7.6355,24.0719
8/3/2000,3,-5.1025,-0.9724,-9.6346,21.2433
8/3/2000,4,-3.7643,-0.4419,-8.2612,18.9533
8/3/2000,5,-3.8887,-0.2127,-6.2551,17.6934
8/3/2000,6,27.2132,6.9796,22.0574,17.3542
8/3/2000,7,137.5665,46.1185,111.4062,19.4440
8/3/2000,8,382.5222,301.1614,216.8228,24.8227
8/3/2000,9,423.6420,205.5940,270.1490,29.5025
8/3/2000,10,605.3333,245.4300,367.3328,29.7927
8/3/2000,11,638.3982,245.3102,363.4450,30.6494
8/3/2000,12,943.0630,692.5030,243.2253,33.8900
8/3/2000,13,574.0315,314.4950,235.5487,34.7950
8/3/2000,14,110.2995,-2.4373,99.1510,31.3882
8/3/2000,15,120.3418,-1.8584,105.7641,27.8412
8/3/2000,16,214.5335,3.5407,187.6868,28.2156
8/3/2000,17,149.0837,1.0380,130.7230,29.3978
8/3/2000,18,53.4623,-1.5718,44.0143,27.4877
8/3/2000,19,14.5495,-0.9041,10.8771,25.4637
8/3/2000,20,-4.3083,-0.4131,-7.6339,23.4390
8/3/2000,21,-4.8557,0.1776,-7.2089,23.2152
8/3/2000,22,-4.2560,-0.0459,-8.7055,22.0845
8/3/2000,23,-3.1902,-0.1378,-5.1101,21.8468
8/4/2000,0,-4.3770,-0.0966,-4.5571,21.3389
8/4/2000,1,-3.0512,0.3097,0.0000,20.8972
8/4/2000,2,-3.8278,-0.0101,0.0000,20.3218
8/4/2000,3,-4.0525,0.3127,0.0000,19.7593
8/4/2000,4,-3.5638,0.4334,0.0000,19.9425
8/4/2000,5,-2.9662,0.6691,0.0000,20.5337
8/4/2000,6,24.9007,-0.0393,24.9860,20.4460
8/4/2000,7,104.9265,-0.2204,104.9063,20.1603
8/4/2000,8,374.6692,175.8397,284.3780,25.5639
8/4/2000,9,507.9608,506.9456,202.3157,28.6928
8/4/2000,10,728.3712,546.6121,311.4233,32.2134
8/4/2000,11,877.9463,746.3192,238.4042,34.1084
8/4/2000,12,555.6333,359.6720,229.8710,33.3943
8/4/2000,13,153.1643,15.3774,136.0038,27.8313
8/4/2000,14,169.5905,5.3155,164.4028,24.2616
8/4/2000,15,125.1332,4.4661,119.5668,19.4602
8/4/2000,16,348.3230,216.8116,217.4227,23.9254
8/4/2000,17,311.3112,270.6240,184.7512,31.4750
8/4/2000,18,74.2555,3.0723,71.9230,30.0929
8/4/2000,19,8.8788,-4.1881,9.1385,20.0106
8/4/2000,20,0.3808,0.2681,1.8278,16.5977
8/4/2000,21,-1.2897,0.6508,0.0000,17.9809
8/4/2000,22,-0.2942,0.5089,0.0910,20.1828
8/4/2000,23,-3.2723,0.0826,0.0000,20.4709
8/5/2000,0,-3.0995,0.7683,0.0000,21.6569
8/5/2000,1,-3.0813,0.0000,0.0000,21.9323
8/5/2000,2,-2.5325,0.0000,0.0000,23.2268
8/5/2000,3,-1.9797,0.0000,0.0000,23.5324
8/5/2000,4,-3.5507,0.0000,0.0000,21.3236
8/5/2000,5,-3.6202,0.0000,0.0000,20.2923
8/5/2000,6,28.1008,0.0000,0.0000,19.7570
8/5/2000,7,151.6907,-99999,-99999,21.7896
8/5/2000,8,401.8220,-99999,-99999,26.6518
8/5/2000,9,602.1447,-99999,-99999,32.6426
8/5/2000,10,780.3972,-99999,-99999,35.2132
8/5/2000,11,934.3452,-99999,-99999,33.1545
8/5/2000,12,710.0057,-99999,-99999,33.3781
8/5/2000,13,894.1300,-99999,-99999,33.4225
8/5/2000,14,646.1083,-99999,-99999,33.3807
8/5/2000,15,613.6075,-99999,-99999,29.0115
8/5/2000,16,374.7337,-99999,-99999,28.1935
8/5/2000,17,216.6275,-99999,-99999,28.8265
8/5/2000,18,233.6480,-99999,-99999,29.4021
8/5/2000,19,80.6547,-99999,-99999,27.8658
8/5/2000,20,-6.3522,0.0000,0.0000,24.3475
8/5/2000,21,-5.9175,0.0000,0.0000,22.6978
8/5/2000,22,-3.5510,0.0000,0.0000,23.0109
8/5/2000,23,-4.3043,0.0000,0.0000,22.1264
8/6/2000,0,-5.1287,0.0000,0.0000,17.1120
8/6/2000,1,-4.4758,0.0000,0.0000,16.0372
8/6/2000,2,-5.9998,0.0000,0.0000,15.1601
8/6/2000,3,-5.1593,0.0000,0.0000,13.9852
8/6/2000,4,-4.0292,0.0000,0.0000,13.4951
8/6/2000,5,-2.5998,0.0000,0.0000,14.0654
8/6/2000,6,41.3787,-99999,-99999,16.1731
8/6/2000,7,205.8140,-99999,-99999,19.9704
8/6/2000,8,414.7102,-99999,-99999,25.4466
8/6/2000,9,615.8160,-99999,-99999,29.8374
8/6/2000,10,800.1602,-99999,-99999,30.3430
8/6/2000,11,930.3643,-99999,-99999,31.2252
8/6/2000,12,1001.7808,-99999,-99999,32.4683
8/6/2000,13,995.5672,-99999,-99999,33.9203
8/6/2000,14,940.0890,-99999,-99999,34.8527
8/6/2000,15,814.3700,-99999,-99999,35.2156
8/6/2000,16,626.2007,-99999,-99999,36.6123
8/6/2000,17,433.7680,-99999,-99999,35.6117
8/6/2000,18,110.3432,-99999,-99999,30.6944
8/6/2000,19,29.2298,0.0000,0.0000,25.5659
8/6/2000,20,-6.6538,0.0000,0.0000,22.5754
8/6/2000,21,-7.2135,0.0000,0.0000,20.7566
8/6/2000,22,-5.7495,0.0000,0.0000,19.5248
8/6/2000,23,-3.8935,0.0000,0.0000,20.5461
8/7/2000,0,-4.6975,-0.0186,0.0000,21.3489
8/7/2000,1,-4.9153,0.0301,0.0000,21.1372
8/7/2000,2,-4.3103,0.1809,0.0000,21.6939
8/7/2000,3,-4.6487,-0.1558,0.0000,21.5722
8/7/2000,4,-4.3678,-0.0919,0.0000,21.7188
8/7/2000,5,-4.5320,-0.3869,0.0000,20.8422
8/7/2000,6,38.3823,1.8347,38.3003,21.4070
8/7/2000,7,209.4062,201.8024,152.3880,23.9367
8/7/2000,8,418.6997,43.6536,399.1768,28.2744
8/7/2000,9,617.1610,708.7247,172.5073,32.6809
8/7/2000,10,798.3530,909.9335,114.8452,33.8817
8/7/2000,11,954.9225,849.9568,232.9227,35.8647
8/7/2000,12,825.7668,565.1891,315.3513,36.5114
8/7/2000,13,843.8792,538.5102,353.0288,36.6543
8/7/2000,14,231.3118,33.7800,200.5563,33.7171
8/7/2000,15,244.7958,56.2029,198.4968,33.2164
8/7/2000,16,184.7607,96.0148,127.1653,29.7672
8/7/2000,17,267.4305,304.3068,119.6575,32.3989
8/7/2000,18,115.4632,160.3909,60.3922,31.8293
8/7/2000,19,30.5472,38.6106,25.6755,29.2577
8/7/2000,20,-7.9952,-1.0545,0.0000,25.3893
8/7/2000,21,-5.4242,0.7205,0.0000,24.3304
8/7/2000,22,-4.8940,0.7581,0.0000,24.0870
8/7/2000,23,-4.6177,0.6948,0.0000,24.1479
8/8/2000,0,-4.9868,0.1653,-0.1679,23.4963
8/8/2000,1,-4.4477,0.3376,-10.0570,23.0757
8/8/2000,2,-4.0667,0.5787,-9.3454,23.2829
8/8/2000,3,-4.4613,0.1666,-9.9244,23.1823
8/8/2000,4,-4.3867,0.1277,-9.7531,22.9625
8/8/2000,5,-3.9067,0.0125,-9.7860,22.3900
8/8/2000,6,35.7835,191.2372,8.4694,22.9552
8/8/2000,7,204.3752,626.3427,32.6867,24.8680
8/8/2000,8,414.4268,783.8952,49.0949,28.4246
8/8/2000,9,619.7922,872.0413,60.1708,32.9897
8/8/2000,10,794.5240,910.7778,67.0149,36.7779
8/8/2000,11,912.4087,897.8730,83.5473,35.2720
8/8/2000,12,979.5515,907.1555,88.9858,36.1180
8/8/2000,13,989.3513,912.0503,90.1891,36.9075
8/8/2000,14,928.1032,894.4230,90.0215,37.4659
8/8/2000,15,799.7247,852.8038,91.0281,37.7392
8/8/2000,16,624.2385,795.6813,81.9767,37.9687
8/8/2000,17,417.9602,697.4243,69.3144,36.4356
8/8/2000,18,210.2307,525.4015,48.3689,33.7675
8/8/2000,19,30.5025,70.5200,13.7280,30.4266
8/8/2000,20,-7.7510,-1.6895,-10.1363,27.0542
8/8/2000,21,-5.5388,0.6500,-9.0528,25.3020
8/8/2000,22,-4.7512,0.3206,-9.0741,24.8566
8/8/2000,23,-6.1543,-0.0165,-9.3685,23.4385
8/9/2000,0,-4.2772,0.7906,-8.8629,23.5149
8/9/2000,1,-5.4223,-0.2059,-9.9653,22.5835
8/9/2000,2,-5.1570,0.0917,-9.2425,21.1661
8/9/2000,3,-5.0928,-0.0939,-9.0251,20.6283
8/9/2000,4,-4.8978,-0.0275,-8.7705,19.9775
8/9/2000,5,-4.2867,0.0195,-8.4875,19.6383
8/9/2000,6,29.8747,122.7477,11.2335,20.6134
8/9/2000,7,183.8473,516.8292,46.8594,23.8604
8/9/2000,8,380.8837,687.2380,70.9486,29.0030
8/9/2000,9,587.8493,793.3515,80.5186,32.2690
8/9/2000,10,772.2962,852.9773,87.4908,30.9536
8/9/2000,11,904.0237,880.6092,98.1587,32.2803
8/9/2000,12,969.6133,887.2570,104.1349,34.4310
8/9/2000,13,969.4855,869.2910,111.8147,34.6577
8/9/2000,14,912.5553,852.5573,113.1307,36.0886
8/9/2000,15,798.4977,829.5372,106.4322,37.8741
8/9/2000,16,622.3973,776.4630,93.0379,38.1300
8/9/2000,17,416.2250,674.3085,75.2000,36.9984
8/9/2000,18,209.6593,502.5663,52.1781,34.6419
8/9/2000,19,39.4575,153.1886,11.8609,30.9158
8/9/2000,20,-6.5947,-1.7979,-10.3683,26.9632
8/9/2000,21,-5.6203,-0.6012,-10.0278,25.2598
8/9/2000,22,-5.6523,-0.4004,-8.8589,24.0016
8/9/2000,23,-6.0978,-0.3345,-8.4258,22.6755
8/10/2000,0,-6.0328,-0.1306,-9.2250,21.0569
8/10/2000,1,-5.1772,0.2760,-8.2914,20.0907
8/10/2000,2,-4.0828,0.6646,-7.9689,20.5001
8/10/2000,3,-4.5072,0.0321,-8.8509,20.4280
8/10/2000,4,-4.3168,0.1499,-8.5024,20.3620
8/10/2000,5,-5.8553,-0.8555,-10.3614,18.4455
8/10/2000,6,32.0425,158.6603,9.6434,17.7503
8/10/2000,7,191.0023,590.0508,36.6205,19.9535
8/10/2000,8,400.0570,759.0223,54.0496,22.1219
8/10/2000,9,602.1882,842.7242,64.7308,25.0552
8/10/2000,10,778.0483,881.5142,74.3390,26.2445
8/10/2000,11,904.6925,902.8637,82.2333,27.6840
8/10/2000,12,970.0118,909.1027,87.5730,29.2208
8/10/2000,13,970.1407,904.0800,87.2944,30.9117
8/10/2000,14,910.8943,885.0760,90.1171,31.9756
8/10/2000,15,725.9928,724.2888,118.4035,32.9803
8/10/2000,16,617.2763,747.6567,107.8161,33.6390
8/10/2000,17,395.7473,592.7785,96.8874,32.9496
8/10/2000,18,135.1633,237.8359,46.1756,30.3151
8/10/2000,19,15.7442,-1.5499,9.5192,25.9370
8/10/2000,20,-5.6418,-0.6605,-8.3607,24.2220
8/10/2000,21,-5.4627,0.1650,-8.0746,22.9123
8/10/2000,22,-4.9418,0.1671,-8.2248,22.1206
8/10/2000,23,-4.0197,0.5879,-7.9829,21.3551
8/11/2000,0,-4.6407,0.1692,-7.9022,21.0355
8/11/2000,1,-5.0457,0.0713,-8.0216,20.3440
8/11/2000,2,-3.3230,0.6082,-7.4382,20.7442
8/11/2000,3,-5.1175,-0.2864,-8.0155,19.9089
8/11/2000,4,-3.9485,-0.0392,-7.4552,19.4642
8/11/2000,5,-3.7640,-0.0384,-7.0180,19.0757
8/11/2000,6,26.9817,108.1042,9.8498,19.6628
8/11/2000,7,179.6820,555.6742,38.7957,23.4993
8/11/2000,8,382.3992,737.2268,53.2992,28.5384
8/11/2000,9,586.7107,822.5315,65.2462,31.4975
8/11/2000,10,767.8635,872.1495,74.1184,33.3973
8/11/2000,11,815.9370,755.1785,129.0089,36.3085
8/11/2000,12,924.0372,685.7591,236.0478,37.1399
8/11/2000,13,556.0228,201.4490,320.9828,36.2972
8/11/2000,14,502.4555,211.3150,269.7953,36.3601
8/11/2000,15,322.5742,77.0043,223.4833,34.2055
8/11/2000,16,424.0817,284.3686,217.6817,32.1803
8/11/2000,17,78.9323,-0.9747,66.9130,32.5885
8/11/2000,18,7.3077,-6.1819,-7.3235,19.5281
8/11/2000,19,12.7515,18.2535,6.6626,22.1795
8/11/2000,20,-1.9720,-0.0718,-6.3748,23.2020
8/11/2000,21,-1.6675,0.4828,-7.3053,22.9394
8/11/2000,22,-1.6292,0.5451,-7.1712,23.5376
8/11/2000,23,-3.0000,-0.0222,-6.1634,23.1256
8/12/2000,0,-2.8500,0.2938,-7.4759,22.9848
8/12/2000,1,-3.3660,0.1443,-8.1510,22.4660
8/12/2000,2,-2.7208,0.4084,-7.2067,22.5168
8/12/2000,3,-2.4600,0.2937,-7.1407,23.1660
8/12/2000,4,-2.0965,0.4768,-7.1035,23.5060
8/12/2000,5,-1.8903,0.2024,-7.5429,24.1386
8/12/2000,6,7.5272,3.7569,1.7087,24.5024
8/12/2000,7,25.4535,-0.4008,20.1493,23.3275
8/12/2000,8,32.5658,0.8486,24.6823,23.8592
8/12/2000,9,61.1140,-0.3245,48.8066,23.5317
8/12/2000,10,89.9548,-2.0177,76.4891,20.6181
8/12/2000,11,177.5732,2.4851,159.6865,21.8530
8/12/2000,12,292.1718,9.6418,256.6623,24.0113
8/12/2000,13,332.7718,5.2461,294.1352,25.8490
8/12/2000,14,255.9100,2.0206,226.6115,25.1088
8/12/2000,15,151.0525,0.2041,133.9908,23.9061
8/12/2000,16,121.2317,0.3552,106.2304,23.9575
8/12/2000,17,137.2472,1.1026,121.5806,24.4791
8/12/2000,18,55.4093,-0.6928,48.8182,24.2622
8/12/2000,19,6.6785,-0.6066,1.9597,22.2957
8/12/2000,20,-2.1055,0.4261,-5.7861,22.1044
8/12/2000,21,-2.6265,0.0967,-6.1878,22.4100
8/12/2000,22,-2.9688,0.0595,-6.1368,21.5419
8/12/2000,23,-5.4750,-0.4362,-7.3636,20.6862
8/13/2000,0,-4.7458,0.1253,-7.6921,19.4044
8/13/2000,1,-3.5750,0.2725,-7.2183,18.6571
8/13/2000,2,-3.6307,0.1356,-7.0170,18.8509
8/13/2000,3,-3.4125,0.1549,-8.0521,18.9855
8/13/2000,4,-3.0395,0.2831,-8.1683,19.5621
8/13/2000,5,-3.2777,0.1798,-7.9580,20.2939
8/13/2000,6,26.2935,99.6594,6.7287,20.8523
8/13/2000,7,174.9722,547.7900,34.6553,22.2711
8/13/2000,8,377.5708,734.4770,53.3144,27.6535
8/13/2000,9,586.8812,829.9053,56.6345,30.8191
8/13/2000,10,763.8293,873.4407,66.2265,32.2674
8/13/2000,11,893.1933,892.1005,73.9744,32.5752
8/13/2000,12,962.4245,907.2010,76.7936,34.1553
8/13/2000,13,966.7598,905.2675,77.1043,34.8889
8/13/2000,14,909.9410,883.4142,80.2794,35.3130
8/13/2000,15,782.9810,840.8038,86.6046,37.0580
8/13/2000,16,588.3033,713.2574,97.7982,36.5832
8/13/2000,17,66.3553,-2.5612,50.5571,29.7964
8/13/2000,18,8.6342,-2.5856,-3.3099,21.5745
8/13/2000,19,27.0517,0.9120,19.9185,18.3593
8/13/2000,20,-1.6382,0.3939,-5.3588,20.7385
8/13/2000,21,-2.3990,0.0145,-5.9937,20.8211
8/13/2000,22,-3.0058,-0.1090,-6.9363,20.3776
8/13/2000,23,-3.5515,0.3298,-7.5408,20.2442
8/14/2000,0,-3.9570,0.4747,-7.4625,20.4899
8/14/2000,1,-4.1243,0.4163,-7.5054,20.7182
8/14/2000,2,-3.4938,0.6724,-7.8809,21.7730
8/14/2000,3,-3.8112,0.3140,-9.0152,21.7818
8/14/2000,4,-3.6307,0.1967,-8.9587,22.3121
8/14/2000,5,-3.8227,0.1993,-8.7799,22.5197
8/14/2000,6,26.4340,110.7141,5.7217,22.7639
8/14/2000,7,184.0958,563.6922,32.2094,25.1692
8/14/2000,8,388.5195,737.6250,49.0470,30.0647
8/14/2000,9,585.8050,824.1083,58.7798,33.0198
8/14/2000,10,762.7737,864.0153,81.0267,34.7719
8/14/2000,11,887.2603,863.1497,104.7503,36.8037
8/14/2000,12,732.6040,486.1274,239.0355,36.1396
8/14/2000,13,566.1355,174.0193,355.7842,34.3122
8/14/2000,14,622.6472,216.8211,377.9890,37.1352
8/14/2000,15,274.4013,0.7862,242.6370,35.0617
8/14/2000,16,221.9855,21.9832,184.3595,32.7239
8/14/2000,17,157.7437,-0.1872,138.6665,31.8272
8/14/2000,18,70.5147,-1.6882,60.3365,30.4350
8/14/2000,19,8.3122,-1.7609,3.2691,28.0745
8/14/2000,20,-3.7668,-0.1507,-8.0766,26.6514
8/14/2000,21,-2.8718,0.4797,-7.2841,26.9291
8/14/2000,22,-6.8880,-1.0083,-9.6152,25.1839
8/14/2000,23,-3.0242,0.7345,-7.4213,23.9882
8/15/2000,0,-4.1017,-0.1758,-7.2061,23.6608
8/15/2000,1,-4.3652,0.3331,-8.4842,23.0044
8/15/2000,2,-5.0875,-0.2906,-9.2206,21.7590
8/15/2000,3,-3.9248,0.2960,-8.4988,21.3592
8/15/2000,4,-3.8045,0.1178,-8.4611,20.9733
8/15/2000,5,-2.2853,0.3142,-6.9036,21.3719
8/15/2000,6,16.2553,33.6386,6.5266,22.0923
8/15/2000,7,71.1688,0.7928,60.9926,22.2940
8/15/2000,8,260.5677,71.4242,200.9952,25.0000
8/15/2000,9,645.1125,611.5611,227.9957,29.8525
8/15/2000,10,925.3542,771.8957,280.1448,30.0267
8/15/2000,11,995.2038,805.2475,245.3637,32.0414
8/15/2000,12,952.2158,700.4053,249.4608,33.5112
8/15/2000,13,738.5607,361.4419,342.5197,32.9214
8/15/2000,14,388.1172,46.4542,304.5467,31.2067
8/15/2000,15,346.0828,12.5539,300.6875,31.4291
8/15/2000,16,298.5298,102.8377,220.2958,33.4584
8/15/2000,17,167.2210,31.3599,136.4300,31.6231
8/15/2000,18,95.0995,-2.0530,81.7743,28.7337
8/15/2000,19,24.8290,-1.3013,18.5658,27.0202
8/15/2000,20,-4.6480,-0.3135,-7.6101,25.5924
8/15/2000,21,-3.5220,-0.8274,-10.2002,23.1552
8/15/2000,22,-3.8947,-0.1495,-8.4070,20.6545
8/15/2000,23,-1.9858,0.3078,-7.1750,20.5342
8/16/2000,0,-2.3912,-0.1806,-7.4545,19.8446
8/16/2000,1,-3.8993,-0.1074,-5.8983,18.9696
8/16/2000,2,-2.5247,0.0572,-5.1701,18.5641
8/16/2000,3,-1.7192,0.1426,-5.3880,18.6093
8/16/2000,4,-4.7798,-0.2538,-6.9318,17.9688
8/16/2000,5,-4.1857,-0.0376,-6.8276,17.4744
8/16/2000,6,21.5542,20.8645,12.9523,18.3746
8/16/2000,7,219.4330,470.9047,86.8782,23.3733
8/16/2000,8,294.9777,316.3905,148.2242,28.3707
8/16/2000,9,348.2987,114.2163,245.5242,29.6952
8/16/2000,10,490.6163,124.0250,348.4860,31.5808
8/16/2000,11,460.8018,45.8990,363.8045,29.4527
8/16/2000,12,690.1535,324.7718,334.0643,30.7475
8/16/2000,13,647.3528,414.5752,223.4014,32.8088
8/16/2000,14,56.9947,-8.3778,40.4233,22.8583
8/16/2000,15,215.6642,4.4537,187.3172,22.2589
8/16/2000,16,59.2842,-2.9942,46.3795,21.0279
8/16/2000,17,34.8055,1.1893,23.3461,16.1207
8/16/2000,18,37.9020,8.3661,29.7610,17.3962
8/16/2000,19,0.2715,-1.2419,-8.1324,15.8545
8/16/2000,20,-0.4573,0.2009,-6.1013,14.6907
8/16/2000,21,-1.2110,0.4503,-5.6065,15.3873
8/16/2000,22,-1.4383,0.8561,-5.5920,16.5324
8/16/2000,23,-0.8812,0.1323,-6.6494,17.0617
8/17/2000,0,-0.7630,0.1955,-5.8327,17.4720
8/17/2000,1,-1.8170,0.0000,0.0000,18.0076
8/17/2000,2,-1.8402,0.0000,0.0000,17.9879
8/17/2000,3,-1.9792,0.0000,0.0000,17.8744
8/17/2000,4,-2.3188,0.0000,0.0000,16.9598
8/17/2000,5,-1.8517,0.0000,0.0000,17.2023
8/17/2000,6,10.8907,0.0000,0.0000,16.8938
8/17/2000,7,51.0450,-99999,-99999,16.9464
8/17/2000,8,196.0808,-99999,-99999,18.4453
8/17/2000,9,370.0805,-99999,-99999,20.6129
8/17/2000,10,291.9925,-99999,-99999,20.8767
8/17/2000,11,379.8645,-99999,-99999,22.4484
8/17/2000,12,584.8213,-99999,-99999,24.5736
8/17/2000,13,915.1457,-99999,-99999,26.6130
8/17/2000,14,546.0238,-99999,-99999,26.5952
8/17/2000,15,276.6828,-99999,-99999,24.6488
8/17/2000,16,7.7115,0.0000,0.0000,18.2771
8/17/2000,17,5.8038,-99999,-99999,13.8520
8/17/2000,18,15.3693,-99999,-99999,14.1714
8/17/2000,19,28.4257,0.0000,0.0000,14.5225
8/17/2000,20,-0.3607,0.0000,0.0000,14.4189
8/17/2000,21,-0.4828,0.0000,0.0000,14.2902
8/17/2000,22,-0.4663,0.0000,0.0000,14.0173
8/17/2000,23,-0.4500,0.0000,0.0000,13.5783
8/18/2000,0,-1.6225,0.0000,0.0000,12.7493
8/18/2000,1,-2.5432,0.0000,0.0000,12.6791
8/18/2000,2,-2.6440,0.0000,0.0000,12.3827
8/18/2000,3,-2.5843,0.0000,0.0000,12.2723
8/18/2000,4,-1.9272,0.0000,0.0000,12.5685
8/18/2000,5,-3.1012,0.0000,0.0000,12.3114
8/18/2000,6,14.1257,0.0000,0.0000,12.4942
8/18/2000,7,138.3808,-99999,-99999,13.7469
8/18/2000,8,292.1670,-99999,-99999,17.0207
8/18/2000,9,382.8212,-99999,-99999,18.3500
8/18/2000,10,507.7003,-99999,-99999,22.0593
8/18/2000,11,741.7785,447.9326,344.6512,24.2252
8/18/2000,12,343.1005,25.3894,282.1855,23.1466
8/18/2000,13,127.6585,-2.1189,108.4860,19.6384
8/18/2000,14,321.5357,24.5957,266.5902,19.2016
8/18/2000,15,349.2118,56.5171,278.2723,23.1865
8/18/2000,16,115.5460,-1.6226,101.4950,22.0281
8/18/2000,17,305.8358,304.3978,161.6909,22.1194
8/18/2000,18,168.1912,469.1185,48.9156,24.7042
8/18/2000,19,30.8927,101.3473,17.2799,22.3876
8/18/2000,20,-7.0218,-0.6119,-7.3262,18.4543
8/18/2000,21,-3.6812,0.7715,-6.6561,17.4449
8/18/2000,22,-1.6552,0.4186,-6.7380,18.6862
8/18/2000,23,-2.2265,0.2149,-6.1251,18.4178
8/19/2000,0,-1.1157,0.6088,-5.7932,19.2845
8/19/2000,1,-1.9788,0.0899,-7.3832,19.9740
8/19/2000,2,-1.8438,0.1761,-7.3509,20.3247
8/19/2000,3,-1.9627,0.1418,-7.6761,20.4921
8/19/2000,4,-2.1315,0.1417,-7.8957,20.7158
8/19/2000,5,-4.0252,-0.4587,-8.0204,20.3158
8/19/2000,6,22.6525,36.4601,4.0906,19.9668
8/19/2000,7,176.4090,573.1807,21.4419,22.1860
8/19/2000,8,382.6858,824.2235,33.0641,26.9386
8/19/2000,9,585.8233,905.6190,36.0979,31.1345
8/19/2000,10,760.9470,936.5788,42.9252,31.0342
8/19/2000,11,892.2358,945.2937,58.4880,31.3426
8/19/2000,12,894.9998,767.4364,146.0869,30.0134
8/19/2000,13,976.6637,943.0000,75.5297,31.4890
8/19/2000,14,888.4243,888.7515,85.0843,32.9693
8/19/2000,15,725.5697,760.7897,112.8055,34.8497
8/19/2000,16,445.8552,482.9868,121.8224,34.0141
8/19/2000,17,264.0173,318.7677,112.8118,32.5722
8/19/2000,18,165.1695,472.4807,42.3610,33.0804
8/19/2000,19,8.5272,62.7347,1.4464,27.9863
8/19/2000,20,-4.7658,-0.0897,-7.0615,23.7487
8/19/2000,21,-3.4862,-0.0097,-8.8217,22.6713
8/19/2000,22,-4.9295,-0.3404,-6.9846,21.2492
8/19/2000,23,-4.7170,0.2045,-9.0031,20.3953
8/20/2000,0,-5.3442,0.1985,-7.6512,18.3372
8/20/2000,1,-4.9543,0.0925,-7.2521,17.9662
8/20/2000,2,-2.6637,1.2630,-6.7538,19.2585
8/20/2000,3,-3.6583,0.1500,-8.5253,19.7825
8/20/2000,4,-3.4332,0.1581,-8.7117,19.2725
8/20/2000,5,-4.2647,-0.3222,-8.1999,19.1029
8/20/2000,6,24.3743,9.6761,13.9224,19.5820
8/20/2000,7,83.3050,44.7477,60.3466,20.4844
8/20/2000,8,286.4403,481.1491,57.5324,22.6072
8/20/2000,9,592.9067,842.4353,82.2462,30.9044
8/20/2000,10,712.3282,776.9018,104.6146,34.3900
8/20/2000,11,775.8957,612.0248,219.3967,34.0466
8/20/2000,12,309.1248,21.6071,254.5863,28.5581
8/20/2000,13,669.1728,307.7553,332.8842,27.4614
8/20/2000,14,509.4078,133.1428,340.7073,27.6681
8/20/2000,15,215.4282,0.8995,184.7837,26.5120
8/20/2000,16,243.7498,156.8031,134.8175,24.5461
8/20/2000,17,397.8758,611.1784,109.8900,29.3238
8/20/2000,18,175.1268,565.6015,31.6960,28.8986
8/20/2000,19,28.6202,206.7080,7.8692,25.4030
8/20/2000,20,-7.6305,-0.8673,-8.5286,20.6418
8/20/2000,21,-4.6347,0.4816,-8.0202,19.1644
8/20/2000,22,-3.5588,0.7458,-7.8084,19.5122
8/20/2000,23,-3.5507,0.6097,-8.2832,20.1175
8/21/2000,0,-3.7988,0.1539,-9.0129,20.1078
8/21/2000,1,-3.7167,0.3114,0.0000,19.8280
8/21/2000,2,-4.4293,-0.3953,0.0000,19.2487
8/21/2000,3,-5.3012,-0.2742,0.0000,16.4137
8/21/2000,4,-5.7818,-0.2305,0.0000,15.0126
8/21/2000,5,-5.4320,-0.2367,0.0000,13.8715
8/21/2000,6,16.7037,11.0020,16.7438,13.6825
8/21/2000,7,161.4188,445.6983,54.1710,15.7173
8/21/2000,8,370.4770,699.5977,81.9015,17.2681
8/21/2000,9,571.0422,786.5203,114.3490,19.4347
8/21/2000,10,742.4325,788.1850,174.3532,21.5838
8/21/2000,11,784.6878,503.2338,371.9177,24.0574
8/21/2000,12,356.5157,188.2893,192.3823,22.1384
8/21/2000,13,482.1812,278.5225,239.0062,19.7702
8/21/2000,14,121.7583,-0.3683,121.2755,21.5356
8/21/2000,15,381.2403,116.5426,294.9523,22.6379
8/21/2000,16,611.8837,633.2865,240.9770,25.7598
8/21/2000,17,380.1542,455.0657,169.2328,27.5903
8/21/2000,18,55.2733,-1.5279,55.1902,23.2454
8/21/2000,19,10.4462,0.9457,11.0292,21.7980
8/21/2000,20,-3.6468,-0.4311,0.0000,19.6450
8/21/2000,21,-5.3988,-0.4457,0.0000,18.4402
8/21/2000,22,-5.6393,-0.0603,0.0000,17.1702
8/21/2000,23,-3.1782,0.4784,0.0000,16.8706
8/22/2000,0,-3.3622,0.2157,-0.1316,17.6444
8/22/2000,1,-2.4440,0.8768,-6.1314,17.8682
8/22/2000,2,-2.4547,0.7253,-6.6991,20.5124
8/22/2000,3,-3.3457,0.1174,-7.8606,20.3085
8/22/2000,4,-4.6687,-0.3306,-7.1814,19.4290
8/22/2000,5,-3.4357,0.1926,-6.9500,19.1922
8/22/2000,6,6.8573,0.2441,1.5369,19.2314
8/22/2000,7,145.8212,161.3816,93.3225,20.9440
8/22/2000,8,338.4317,505.0617,108.8335,25.0649
8/22/2000,9,580.0693,840.8343,70.6941,28.3578
8/22/2000,10,756.0558,910.5773,61.0535,30.5423
8/22/2000,11,875.8482,919.9087,71.1154,31.7276
8/22/2000,12,919.9768,809.1115,152.1905,31.9163
8/22/2000,13,791.9035,532.2109,268.1258,32.8169
8/22/2000,14,328.4915,141.6698,172.1384,30.7910
8/22/2000,15,392.8520,302.6869,155.3589,29.3417
8/22/2000,16,419.0593,341.0964,178.7624,32.8111
8/22/2000,17,44.6777,-5.0414,32.8469,24.6144
8/22/2000,18,52.2050,-2.1089,38.9633,17.8579
8/22/2000,19,1.5848,0.1594,-3.5046,18.9850
8/22/2000,20,-4.1685,-1.9753,-10.3037,16.8115
8/22/2000,21,-2.0452,0.8205,-5.6843,15.2092
8/22/2000,22,-3.1132,0.3678,-6.5336,16.3853
8/22/2000,23,-4.2832,0.1849,-7.0831,16.4476
8/23/2000,0,-3.9182,0.2345,-6.3360,15.5849
8/23/2000,1,-2.5412,0.4472,-6.3268,16.4002
8/23/2000,2,-3.1113,0.0463,-7.5483,16.2960
8/23/2000,3,-3.9835,-0.0114,-7.7202,15.6217
8/23/2000,4,-4.2755,-0.0873,-7.7841,14.7025
8/23/2000,5,-3.8602,0.0112,-7.2455,14.2461
8/23/2000,6,15.6007,3.5151,3.0478,15.2147
8/23/2000,7,167.4125,550.0248,24.1048,18.6802
8/23/2000,8,379.3798,834.2963,36.4283,24.2416
8/23/2000,9,576.8983,906.4872,39.1962,27.9656
8/23/2000,10,757.4960,939.3483,54.3154,30.2386
8/23/2000,11,796.1170,717.4449,159.8075,30.3026
8/23/2000,12,916.6473,845.9638,119.8003,30.6900
8/23/2000,13,946.2657,909.3547,107.8729,32.8973
8/23/2000,14,627.3062,382.3389,261.1520,32.8042
8/23/2000,15,699.8190,673.5230,166.1492,34.8563
8/23/2000,16,452.2730,432.6573,172.6193,33.3592
8/23/2000,17,214.1023,235.7193,96.3900,32.1128
8/23/2000,18,82.2227,12.8945,67.3239,26.5252
8/23/2000,19,23.0688,56.9439,10.7022,23.3493
8/23/2000,20,-3.3087,0.1419,-7.0980,22.4181
8/23/2000,21,-4.4092,0.0596,-7.7304,22.0705
8/23/2000,22,-6.2745,-0.1686,-8.3285,20.9172
8/23/2000,23,-6.5972,-0.0990,-8.1560,19.4181
8/24/2000,0,-5.1712,0.2906,-7.7930,18.5024
8/24/2000,1,-3.8250,0.7239,-7.5186,18.4658
8/24/2000,2,-4.8765,0.0684,-7.8622,18.4822
8/24/2000,3,-3.9448,0.2373,-7.5915,18.3222
8/24/2000,4,-3.9732,0.0088,-7.8009,17.9448
8/24/2000,5,-3.7835,-0.0025,-7.9639,18.0643
8/24/2000,6,11.9833,3.2577,1.7187,17.9966
8/24/2000,7,161.9533,500.8147,25.2646,20.5328
8/24/2000,8,360.7782,787.5167,38.9530,26.6757
8/24/2000,9,560.6123,862.8303,47.1632,28.8815
8/24/2000,10,689.7003,806.0042,84.7769,30.9411
8/24/2000,11,905.9733,829.9087,169.9860,31.1163
8/24/2000,12,723.1032,420.9877,297.4333,31.5939
8/24/2000,13,424.1843,135.8240,269.4042,32.9756
8/24/2000,14,327.2375,27.3763,278.5008,32.1791
8/24/2000,15,429.9705,157.4473,320.9258,34.1751
8/24/2000,16,246.1833,78.0611,186.8347,30.5941
8/24/2000,17,56.9957,-2.0490,48.6180,27.8097
8/24/2000,18,60.7883,-0.9040,48.1117,24.9581
8/24/2000,19,8.7105,-0.6214,1.0014,23.2231
8/24/2000,20,-2.5995,0.2159,-8.8107,22.6576
8/24/2000,21,-2.8440,0.4235,-8.7468,22.2908
8/24/2000,22,-4.1192,-0.1514,-7.5620,21.9150
8/24/2000,23,-3.0383,0.7049,-7.6770,22.3340
8/25/2000,0,-4.2937,-0.1435,-7.8565,21.6681
8/25/2000,1,-3.9140,0.1645,-7.5589,20.8582
8/25/2000,2,-3.1462,0.2246,-7.1413,20.7384
8/25/2000,3,-4.0890,-0.1352,-6.9940,20.4872
8/25/2000,4,-3.3458,0.3059,-7.9858,20.3311
8/25/2000,5,-3.8450,0.0392,-8.1406,20.3191
8/25/2000,6,8.1242,0.6013,2.8609,20.3635
8/25/2000,7,137.3662,289.5331,51.5543,22.1751
8/25/2000,8,355.1538,582.7159,106.4308,26.9234
8/25/2000,9,394.7610,223.8638,235.2467,29.1644
8/25/2000,10,614.1850,450.2109,230.0889,28.9555
8/25/2000,11,866.5235,913.3388,74.7812,32.5565
8/25/2000,12,904.5570,682.8957,241.7254,32.8877
8/25/2000,13,412.7567,164.1015,226.1775,30.9424
8/25/2000,14,153.0907,-1.2354,131.3478,24.8427
8/25/2000,15,374.7223,55.5027,295.5387,25.4084
8/25/2000,16,453.0297,363.5132,203.5213,28.5922
8/25/2000,17,136.2277,-1.4304,114.3895,26.5357
8/25/2000,18,107.6662,133.5040,70.1673,24.2696
8/25/2000,19,5.2672,-0.5661,0.2404,21.7308
8/25/2000,20,-4.6698,-0.4332,-6.6718,20.1890
8/25/2000,21,-2.3710,0.1432,-7.0610,19.9472
8/25/2000,22,-6.0743,0.0468,-9.3995,16.7471
8/25/2000,23,-2.7057,0.6932,-4.7138,17.5790
8/26/2000,0,-1.2573,0.3695,-5.4694,19.0506
8/26/2000,1,-2.0008,0.0957,-6.2680,19.3838
8/26/2000,2,-2.6123,0.1157,-7.5179,19.6068
8/26/2000,3,-3.9507,-0.1161,-8.0047,18.8641
8/26/2000,4,-5.4867,-0.4465,-7.2848,17.4693
8/26/2000,5,-3.1080,0.2793,-7.1830,17.4498
8/26/2000,6,13.6770,0.9570,2.8421,17.5395
8/26/2000,7,119.1513,300.4879,32.6536,18.9516
8/26/2000,8,360.5820,756.8853,49.6974,24.0321
8/26/2000,9,487.2918,575.1605,141.4177,28.0953
8/26/2000,10,694.5622,797.9374,84.6660,28.4003
8/26/2000,11,715.7463,485.0054,270.0527,30.8437
8/26/2000,12,462.6358,285.6423,174.3614,27.7325
8/26/2000,13,686.2178,295.9790,368.8155,29.5266
8/26/2000,14,290.3572,90.5419,172.6588,24.5494
8/26/2000,15,218.3650,54.7444,156.2555,24.1976
8/26/2000,16,73.4700,-1.9388,60.9070,23.4602
8/26/2000,17,2.6318,-3.3244,-7.8696,15.8774
8/26/2000,18,11.6923,0.8320,7.0916,16.8720
8/26/2000,19,8.5152,29.3113,2.6838,18.5569
8/26/2000,20,-2.5928,0.0695,-5.5493,17.7855
8/26/2000,21,-2.4740,0.6107,-5.6514,18.0396
8/26/2000,22,-3.4318,0.3609,-7.8449,18.1705
8/26/2000,23,-3.2988,0.1749,-7.8262,18.1682
8/27/2000,0,-3.2963,0.2615,-7.7067,18.2028
8/27/2000,1,-4.2827,-0.1571,-7.9543,17.3681
8/27/2000,2,-2.7267,0.4856,-7.1096,17.5144
8/27/2000,3,-3.8945,-0.0499,-6.8636,17.6289
8/27/2000,4,-3.6147,-0.0345,-6.4690,17.1696
8/27/2000,5,-3.9248,-0.0608,-6.8435,16.9006
8/27/2000,6,7.0225,0.9889,-0.0309,17.2263
8/27/2000,7,148.8773,512.3064,21.3009,20.4837
8/27/2000,8,354.0532,788.3498,33.9576,24.7653
8/27/2000,9,544.9860,844.0830,44.9207,25.3621
8/27/2000,10,731.0473,918.3602,47.6401,29.5439
8/27/2000,11,906.0128,950.6488,88.2738,32.5352
8/27/2000,12,841.2252,631.1105,231.8120,32.5497
8/27/2000,13,897.4457,700.4061,226.9850,32.9551
8/27/2000,14,760.0927,555.2898,243.5592,33.9736
8/27/2000,15,413.1600,260.3959,194.8117,29.9461
8/27/2000,16,409.4360,341.4276,185.0487,32.2254
8/27/2000,17,225.1905,261.9441,91.3462,31.5672
8/27/2000,18,7.2620,-3.4468,-2.6908,22.7450
8/27/2000,19,-1.7843,-2.0620,-8.8615,17.9885
8/27/2000,20,0.0947,-0.5042,-8.4752,14.5148
8/27/2000,21,-1.6973,0.5263,-6.6449,15.8842
8/27/2000,22,-2.5453,0.1200,-4.8260,16.4152
8/27/2000,23,-2.7510,0.3277,-6.8691,16.9686
8/28/2000,0,-3.1570,0.1236,-7.3287,17.0234
8/28/2000,1,-2.9270,0.4926,-6.4693,16.9964
8/28/2000,2,-2.7717,0.4397,-6.7717,18.4134
8/28/2000,3,-3.3840,0.0748,-7.8056,18.5434
8/28/2000,4,-2.9655,0.3625,-7.3261,19.1996
8/28/2000,5,-2.8748,0.2481,-6.8986,20.1256
8/28/2000,6,10.1133,0.4313,0.9753,19.5175
8/28/2000,7,128.3033,355.6531,34.1746,20.1163
8/28/2000,8,343.7772,675.5300,60.0358,23.9109
8/28/2000,9,543.1515,765.7485,88.5890,29.8573
8/28/2000,10,539.1502,492.1122,164.4542,30.6256
8/28/2000,11,731.9770,504.9267,262.0530,30.6238
8/28/2000,12,924.7995,789.8226,182.9472,32.1222
8/28/2000,13,315.0342,44.8738,237.1092,28.1429
8/28/2000,14,561.7813,322.5896,251.7830,27.3002
8/28/2000,15,135.3153,2.5126,115.9207,27.1647
8/28/2000,16,194.0088,93.0770,119.2296,25.8288
8/28/2000,17,127.2630,-0.9090,107.0775,22.5544
8/28/2000,18,39.8965,1.3967,27.9796,19.6911
8/28/2000,19,5.0647,0.1579,-0.9846,16.3747
8/28/2000,20,-3.1172,0.2973,-5.3218,16.3767
8/28/2000,21,-1.5955,-0.2924,-8.2109,15.9336
8/28/2000,22,-0.4855,-0.0033,-7.6316,14.3937
8/28/2000,23,-0.5323,0.0469,-7.0572,14.1344
8/29/2000,0,-0.3160,0.3746,-6.6943,14.5907
8/29/2000,1,-0.7067,0.0587,-7.3422,14.2934
8/29/2000,2,-0.8632,0.0221,-6.3717,14.2156
8/29/2000,3,-1.5015,0.9600,-4.9645,15.3198
8/29/2000,4,-0.1480,0.4850,-6.4561,16.2677
8/29/2000,5,-1.2870,-0.1642,-5.0492,16.1460
8/29/2000,6,7.5625,0.5888,1.8186,16.9802
8/29/2000,7,106.9320,142.1548,57.3720,18.2644
8/29/2000,8,378.7107,779.8163,61.0352,22.3340
8/29/2000,9,548.6340,856.6637,46.1971,24.9206
8/29/2000,10,720.5430,893.7508,59.3125,27.0836
8/29/2000,11,850.8035,913.9285,67.1860,26.0536
8/29/2000,12,967.2937,933.7748,109.2715,27.4488
8/29/2000,13,893.4222,741.8741,230.8733,28.5276
8/29/2000,14,333.0102,54.9957,279.1378,27.6123
8/29/2000,15,153.6997,-0.7350,135.5783,26.2333
8/29/2000,16,354.7803,227.7687,305.1748,26.9243
8/29/2000,17,98.7013,5.0684,82.5475,24.6056
8/29/2000,18,30.9733,0.3456,24.4011,23.4730
8/29/2000,19,-4.7375,-2.7108,-11.0943,19.6787
8/29/2000,20,-2.5595,-0.1892,-10.0010,15.2245
8/29/2000,21,-2.1058,1.0805,-5.3221,16.7323
8/29/2000,22,-2.4607,0.5114,-6.0235,17.8552
8/29/2000,23,-3.5992,0.3137,-6.4808,17.2675
8/30/2000,0,-2.6467,0.5472,-6.7274,17.9524
8/30/2000,1,-2.5042,0.5254,-6.0824,19.1884
8/30/2000,2,-2.7578,0.0636,-7.7556,19.3554
8/30/2000,3,-4.5748,0.1092,-7.3389,18.8124
8/30/2000,4,-4.4012,-0.2612,-7.4049,18.2989
8/30/2000,5,-3.8370,-0.0348,-7.4536,17.5784
8/30/2000,6,8.0912,2.0356,0.4090,17.2914
8/30/2000,7,136.8263,427.3533,24.7002,19.7300
8/30/2000,8,347.1603,759.2972,49.0778,26.4115
8/30/2000,9,545.6718,854.3900,48.3118,29.6446
8/30/2000,10,688.7970,750.8299,133.5630,32.1954
8/30/2000,11,606.3432,419.8156,216.1997,30.1729
8/30/2000,12,577.7312,305.9029,272.2528,31.3592
8/30/2000,13,455.4162,202.6933,239.8958,29.3242
8/30/2000,14,690.7387,432.6792,357.5635,26.1410
8/30/2000,15,308.0770,57.5074,257.4587,27.1054
8/30/2000,16,329.7488,326.3209,241.4069,24.1290
8/30/2000,17,203.9182,119.9121,172.6211,22.1233
8/30/2000,18,164.6570,595.6472,134.6899,24.2883
8/30/2000,19,8.0465,85.9051,0.4792,21.9875
8/30/2000,20,-5.6933,0.1077,-8.8254,20.0184
8/30/2000,21,-4.6135,0.1139,-7.4895,19.1863
8/30/2000,22,-5.0718,0.1895,-7.6384,18.4108
8/30/2000,23,-3.8595,0.5673,-8.0576,18.2695
8/31/2000,0,-4.0375,0.2069,-7.8618,18.0247
8/31/2000,1,-4.4897,-1.0869,-10.6143,15.0750
8/31/2000,2,-4.5870,-0.0148,-7.5406,12.6598
8/31/2000,3,-4.2157,-0.0377,-6.8276,12.2697
8/31/2000,4,-4.2693,-0.0216,-6.1464,11.4889
8/31/2000,5,-3.0378,0.1392,-6.0049,11.1361
8/31/2000,6,3.9007,0.2824,0.5836,11.3106
8/31/2000,7,39.9290,0.8343,32.6200,11.8230
8/31/2000,8,176.9327,20.0867,150.1081,13.9692
8/31/2000,9,343.9033,189.2854,203.8095,16.3814
8/31/2000,10,613.7090,362.4333,317.5875,20.7446
8/31/2000,11,673.5552,298.2370,378.2678,20.7720
8/31/2000,12,338.1667,49.5372,262.6427,20.8201
8/31/2000,13,302.6013,6.7011,266.2008,21.1353
8/31/2000,14,404.6723,63.5653,353.9025,21.2685
8/31/2000,15,623.6200,329.7764,543.4465,23.0469
8/31/2000,16,52.8632,-2.6204,40.2414,19.1687
8/31/2000,17,114.3062,6.4995,97.0496,14.6418
8/31/2000,18,13.7853,21.7748,7.5524,13.9263
8/31/2000,19,9.4535,31.3965,5.2128,14.3134
8/31/2000,20,-1.6930,0.0238,-5.0880,14.0966
8/31/2000,21,-2.9930,-0.0765,-5.6746,13.9141
8/31/2000,22,-3.2762,0.1484,-5.9423,13.2570
8/31/2000,23,-1.8657,0.5252,-5.2688,13.7802
9/1/2000,0,-2.5130,0.2905,-5.6096,14.4203
9/1/2000,1,-1.5705,0.2337,0.0503,14.1932
9/1/2000,2,-2.8302,-0.0916,0.0000,13.2429
9/1/2000,3,-3.7165,-0.0934,0.0000,12.4123
9/1/2000,4,-1.7653,0.3041,0.0000,12.4502
9/1/2000,5,-1.6535,-0.0519,0.0000,13.2583
9/1/2000,6,9.1183,23.9878,7.8475,13.1739
9/1/2000,7,171.0147,633.3822,46.1077,16.6310
9/1/2000,8,334.8620,399.1635,187.5932,21.7804
9/1/2000,9,444.7640,229.6070,316.3065,23.0819
9/1/2000,10,540.3130,337.1573,297.9685,24.9443
9/1/2000,11,712.2745,486.5970,329.2548,27.0571
9/1/2000,12,605.7138,186.9263,447.8567,26.3720
9/1/2000,13,471.7458,108.4992,379.6173,27.6538
9/1/2000,14,380.4505,28.6500,358.1390,26.1342
9/1/2000,15,542.4958,374.5238,294.1188,26.3940
9/1/2000,16,416.1675,391.2445,198.9943,26.4819
9/1/2000,17,315.5325,546.1889,112.9648,26.5909
9/1/2000,18,67.4765,116.9468,37.4328,24.6701
9/1/2000,19,0.7008,-0.6256,2.6563,21.8196
9/1/2000,20,-4.6032,-0.3027,0.0000,20.3397
9/1/2000,21,-5.0410,-0.3836,0.0000,19.0910
9/1/2000,22,-4.8053,-0.0239,0.0000,17.8692
9/1/2000,23,-4.6022,-0.1311,0.0000,16.6510
9/2/2000,0,-3.9908,0.1582,0.0000,15.2550
9/2/2000,1,-4.0690,0.0330,0.0000,14.4041
9/2/2000,2,-3.3218,0.1891,0.0000,14.2638
9/2/2000,3,-3.3847,0.1651,0.0000,14.5810
9/2/2000,4,-4.0260,-0.0925,0.0000,14.2886
9/2/2000,5,-3.5798,0.0897,0.0000,14.3265
9/2/2000,6,1.8880,1.7743,3.9150,13.2943
9/2/2000,7,127.0328,514.6858,19.6975,16.0518
9/2/2000,8,343.1810,818.3620,31.9495,23.0726
9/2/2000,9,547.3217,917.0182,43.4207,26.7924
9/2/2000,10,727.5748,955.6508,69.2812,27.1735
9/2/2000,11,860.7835,981.3457,87.9727,27.7083
9/2/2000,12,926.6808,985.5807,100.4860,27.8861
9/2/2000,13,871.6368,863.9141,146.4977,28.3773
9/2/2000,14,668.6522,559.7031,228.8120,30.0908
9/2/2000,15,658.4603,749.5765,139.1852,32.3209
9/2/2000,16,559.6528,808.4647,119.6842,31.1398
9/2/2000,17,258.0768,447.1134,84.2520,28.2256
9/2/2000,18,38.0095,48.7675,32.4383,23.9914
9/2/2000,19,0.4983,29.1656,1.4967,22.0328
9/2/2000,20,-6.6718,-0.1395,0.0000,19.7374
9/2/2000,21,-4.6280,0.7572,0.0000,18.9093
9/2/2000,22,-4.4355,0.3519,0.0000,18.4434
9/2/2000,23,-3.8867,0.3145,0.0000,18.0455
9/3/2000,0,-3.9517,0.2499,0.0000,17.9313
9/3/2000,1,-3.9318,0.2751,0.0000,18.1144
9/3/2000,2,-4.5145,0.1888,0.0000,17.4659
9/3/2000,3,-4.3508,0.3837,0.0000,17.2806
9/3/2000,4,-5.8267,-0.1499,0.0000,16.3890
9/3/2000,5,-3.8577,0.1855,0.0000,16.6822
9/3/2000,6,7.7318,11.7678,8.3322,16.9589
9/3/2000,7,169.2172,617.1513,49.8602,18.9866
9/3/2000,8,294.8212,524.4120,109.7310,21.7962
9/3/2000,9,347.2845,386.0590,136.8110,24.5014
9/3/2000,10,334.9718,14.2295,325.3253,23.5082
9/3/2000,11,495.5288,114.9322,404.7627,26.2201
9/3/2000,12,938.0077,901.2940,185.5305,30.7787
9/3/2000,13,939.1633,944.8033,150.2932,31.7169
9/3/2000,14,431.0980,329.2551,164.7977,30.8107
9/3/2000,15,154.1307,43.4448,124.1737,22.3050
9/3/2000,16,476.4465,629.5674,148.0857,25.2730
9/3/2000,17,269.3670,457.8394,84.4348,27.9071
9/3/2000,18,57.7007,14.4909,54.0682,24.4072
9/3/2000,19,1.7430,-0.3956,4.4250,21.0077
9/3/2000,20,-5.5293,0.1586,0.0000,19.5186
9/3/2000,21,-4.6792,0.7807,0.0000,19.7006
9/3/2000,22,-4.2100,0.5809,0.0000,19.5872
9/3/2000,23,-5.5142,0.0148,0.0000,19.0673
9/4/2000,0,-3.1255,0.5296,0.0000,19.2562
9/4/2000,1,-3.2053,0.2788,0.0000,19.3266
9/4/2000,2,-2.5625,0.4260,0.0000,19.6124
9/4/2000,3,-4.7508,-0.5321,0.0000,18.3727
9/4/2000,4,-5.9455,-0.7122,0.0000,14.8654
9/4/2000,5,-5.4138,-0.0493,0.0000,13.8792
9/4/2000,6,5.8653,3.2174,7.7058,13.7915
9/4/2000,7,133.4073,623.7135,14.2267,18.6083
9/4/2000,8,345.4255,846.8677,28.8287,23.9686
9/4/2000,9,547.1462,932.0683,40.1762,27.0808
9/4/2000,10,728.6877,970.0530,66.1368,29.5574
9/4/2000,11,861.6523,986.4660,90.9978,30.2569
9/4/2000,12,894.3340,930.0308,120.8205,30.5438
9/4/2000,13,907.7478,950.2748,117.9783,30.6614
9/4/2000,14,681.4968,561.5050,236.5735,31.6832
9/4/2000,15,160.2768,-0.1821,158.7348,27.4853
9/4/2000,16,58.2228,-1.4013,57.8992,25.4901
9/4/2000,17,30.5132,-3.0599,30.2635,20.6159
9/4/2000,18,25.0237,2.5104,24.6428,20.2725
9/4/2000,19,0.3315,2.3969,1.5445,22.7922
9/4/2000,20,-5.3445,-0.4524,0.0000,21.5112
9/4/2000,21,-3.5295,0.4468,0.0000,21.0365
9/4/2000,22,-3.0960,0.2603,0.0000,21.6049
9/4/2000,23,-2.5895,0.1430,0.0000,21.1322
9/5/2000,0,-1.5663,0.7444,0.0000,22.2800
9/5/2000,1,-3.8262,-0.1882,0.0000,22.3888
9/5/2000,2,-3.0277,0.1775,0.0000,21.4069
9/5/2000,3,-5.1505,-1.2426,0.0000,19.1504
9/5/2000,4,-3.5110,0.3301,0.0000,16.7054
9/5/2000,5,-3.3085,-0.1418,0.0000,16.5517
9/5/2000,6,2.9513,0.8116,4.8472,15.3864
9/5/2000,7,122.8787,512.9838,29.4235,18.6012
9/5/2000,8,306.7753,657.5007,54.6563,22.4859
9/5/2000,9,537.1207,870.1560,66.8978,27.4620
9/5/2000,10,705.1712,915.1298,82.4120,29.4748
9/5/2000,11,838.8788,954.0910,96.4260,31.2827
9/5/2000,12,909.9018,944.7037,127.4532,34.7630
9/5/2000,13,828.3747,725.5958,228.2877,36.2792
9/5/2000,14,664.5585,586.9107,205.7555,36.4016
9/5/2000,15,625.1835,689.5011,159.6450,35.8404
9/5/2000,16,551.2770,817.4145,112.8770,35.1898
9/5/2000,17,315.0083,625.8507,87.5995,33.4517
9/5/2000,18,93.2272,227.8952,41.5095,28.8235
9/5/2000,19,-1.8973,-1.4942,0.3955,25.4803
9/5/2000,20,-4.7250,-0.6743,0.0000,22.1930
9/5/2000,21,-3.1807,0.1091,0.0000,21.1488
9/5/2000,22,-5.4157,-0.2650,0.0000,20.3394
9/5/2000,23,-6.4847,-0.3122,0.0000,17.8178
9/6/2000,0,-4.0693,0.4610,0.0000,17.4915
9/6/2000,1,-3.8443,0.2293,0.0000,17.2905
9/6/2000,2,-3.4643,0.0909,0.0000,16.6900
9/6/2000,3,-3.0687,0.4303,0.0000,16.8139
9/6/2000,4,-3.3707,0.0959,0.0000,16.7393
9/6/2000,5,-3.1230,0.1224,0.0000,17.2070
9/6/2000,6,7.1372,0.9090,8.3162,17.6349
9/6/2000,7,84.5087,65.5629,75.3288,19.1516
9/6/2000,8,138.5508,36.2490,123.7515,21.6583
9/6/2000,9,341.1318,358.8670,149.9553,25.5073
9/6/2000,10,709.1833,786.3577,170.2453,32.3901
9/6/2000,11,721.2750,525.8173,313.4138,33.8206
9/6/2000,12,449.0055,152.1505,324.6515,31.8507
9/6/2000,13,522.7940,218.2161,343.6675,31.6622
9/6/2000,14,294.7433,19.5173,278.8365,29.2537
9/6/2000,15,243.3642,34.2928,221.8177,29.2018
9/6/2000,16,181.8047,21.8256,169.5342,30.2482
9/6/2000,17,37.5945,-1.5686,37.5692,27.5584
9/6/2000,18,40.3970,-1.6243,40.3970,23.7754
9/6/2000,19,0.4212,-0.1901,1.2568,20.7145
9/6/2000,20,-1.5988,0.1445,0.0000,20.6231
9/6/2000,21,-2.1262,0.0999,0.0000,20.0509
9/6/2000,22,-2.7885,0.2538,0.0000,19.7209
9/6/2000,23,-3.1527,-0.1335,0.0000,19.3515
9/7/2000,0,-4.4960,-0.4806,0.0000,16.5419
9/7/2000,1,-3.7715,-0.2500,0.0000,14.2078
9/7/2000,2,-4.2832,-0.3454,0.0000,11.7959
9/7/2000,3,-3.6457,0.0715,0.0000,10.4298
9/7/2000,4,-4.1125,-0.0100,0.0000,9.5638
9/7/2000,5,-3.7013,0.1085,0.0000,9.1737
9/7/2000,6,3.5842,0.8204,5.4658,8.9681
9/7/2000,7,121.3070,530.2086,20.3873,12.2577
9/7/2000,8,334.2605,818.6398,34.9497,18.6077
9/7/2000,9,538.6783,909.9713,51.5435,21.1676
9/7/2000,10,714.9778,951.0120,73.9860,21.9427
9/7/2000,11,837.1665,967.6003,90.4898,24.0718
9/7/2000,12,901.5898,973.7263,101.8787,24.8066
9/7/2000,13,889.7593,948.2302,112.7840,26.2098
9/7/2000,14,824.7780,939.0842,105.2950,27.4337
9/7/2000,15,691.9268,916.1392,82.4458,28.0796
9/7/2000,16,507.4405,849.9667,61.8425,30.4966
9/7/2000,17,306.7975,648.0788,79.6185,29.8853
9/7/2000,18,109.9028,440.6620,32.8500,27.7170
9/7/2000,19,-5.9208,9.1025,0.5860,21.9460
9/7/2000,20,-6.3340,-0.0256,0.0000,18.7328
9/7/2000,21,-4.4150,0.5378,0.0000,17.5828
9/7/2000,22,-3.8372,0.4173,0.0000,17.6853
9/7/2000,23,-5.3605,0.2840,0.0000,16.9605
9/8/2000,0,-4.3312,0.3112,-0.1060,16.4865
9/8/2000,1,-2.0040,1.3965,-6.3438,18.8731
9/8/2000,2,-4.5350,-0.0345,-8.6416,18.9868
9/8/2000,3,-5.4790,-0.2365,-8.7472,17.4471
9/8/2000,4,-5.4462,-0.2480,-8.0662,15.5312
9/8/2000,5,-4.0982,-0.0663,-7.5729,15.3545
9/8/2000,6,2.9067,1.0643,-2.6360,15.1552
9/8/2000,7,125.2880,551.1405,26.3045,18.0132
9/8/2000,8,310.7555,689.4269,81.5676,24.7252
9/8/2000,9,253.2372,57.0381,211.4975,25.8280
9/8/2000,10,685.3922,838.6268,297.4000,26.5084
9/8/2000,11,803.2442,701.4043,210.0712,29.9274
9/8/2000,12,672.8478,373.2774,309.2163,31.3555
9/8/2000,13,243.5397,49.7189,170.3780,28.4634
9/8/2000,14,163.6902,10.1283,133.1434,23.7174
9/8/2000,15,456.2522,213.4401,277.9803,28.1582
9/8/2000,16,342.6840,259.2286,190.4880,27.8914
9/8/2000,17,83.6545,24.5192,60.6044,24.9441
9/8/2000,18,46.0857,14.8059,30.0539,20.7563
9/8/2000,19,2.2428,6.0820,-4.9670,19.4632
9/8/2000,20,-3.6087,0.1143,-8.0840,19.3867
9/8/2000,21,-7.1175,-0.5960,-8.7757,17.3845
9/8/2000,22,-5.6922,0.0312,-8.3872,15.8159
9/8/2000,23,-5.2347,0.1573,-7.7747,14.7538
9/9/2000,0,-4.1075,0.4837,-7.3131,15.1053
9/9/2000,1,-5.5025,-0.0160,-7.4112,14.2121
9/9/2000,2,-4.0192,0.8798,-7.2741,14.3248
9/9/2000,3,-4.2175,0.0163,-8.0543,13.9749
9/9/2000,4,-4.0283,0.4362,-7.6194,13.5004
9/9/2000,5,-5.3710,-0.3737,-7.8541,12.6793
9/9/2000,6,3.4135,2.0016,-2.2994,13.5995
9/9/2000,7,122.6257,596.9400,17.8632,17.4380
9/9/2000,8,328.0183,824.4330,30.0052,23.5060
9/9/2000,9,531.8783,901.3438,40.4988,26.9578
9/9/2000,10,712.5930,939.6353,50.5345,28.3704
9/9/2000,11,833.9812,943.7320,65.1572,30.0743
9/9/2000,12,920.9878,970.0262,74.4444,31.6730
9/9/2000,13,914.8605,990.1937,53.3041,31.9753
9/9/2000,14,830.6787,957.5942,49.4284,30.6255
9/9/2000,15,698.9060,858.6100,84.4373,30.6465
9/9/2000,16,304.1717,271.9700,128.7582,31.6576
9/9/2000,17,230.7152,369.7153,92.8261,29.4567
9/9/2000,18,134.3803,469.5109,53.4641,28.9732
9/9/2000,19,-4.1137,-0.7216,-6.2004,23.8831
9/9/2000,20,-6.2588,0.5405,-9.0671,21.5785
9/9/2000,21,-4.2212,0.6840,-8.5248,21.4680
9/9/2000,22,-4.1042,0.1215,-9.4879,21.3470
9/9/2000,23,-4.0492,0.1380,-9.7744,20.3766
9/10/2000,0,-3.2325,0.3465,-8.7719,19.7453
9/10/2000,1,-3.1105,0.4165,-8.3082,20.3077
9/10/2000,2,-4.3792,-0.3901,-9.6894,18.9601
9/10/2000,3,-3.4530,0.0717,-7.8568,17.3458
9/10/2000,4,-3.1073,0.0335,-7.5964,17.2795
9/10/2000,5,-3.9975,-0.2742,-7.7805,17.0840
9/10/2000,6,3.8965,0.4953,-2.4411,13.8122
9/10/2000,7,149.6640,451.5012,65.1196,16.4480
9/10/2000,8,373.6405,642.8295,130.8493,21.8099
9/10/2000,9,426.4877,440.6847,157.8119,24.2729
9/10/2000,10,718.6760,944.7250,54.0600,25.1015
9/10/2000,11,840.4940,987.9792,43.0001,28.3662
9/10/2000,12,896.4045,984.5932,45.5092,30.6229
9/10/2000,13,888.9262,974.2117,47.4900,31.9328
9/10/2000,14,817.8972,958.7217,47.1334,33.5621
9/10/2000,15,689.5487,924.7628,47.0477,32.7434
9/10/2000,16,501.0247,856.5650,43.0436,33.0531
9/10/2000,17,291.7288,742.8268,30.0711,31.9154
9/10/2000,18,87.0270,465.2500,12.0834,29.9255
9/10/2000,19,-7.1347,-1.0699,-10.1022,24.7822
9/10/2000,20,-5.9205,0.7698,-10.4543,22.8659
9/10/2000,21,-7.2285,0.4272,-10.2547,21.6514
9/10/2000,22,-5.1833,0.4661,-10.3609,21.2419
9/10/2000,23,-6.2155,0.3650,-10.0337,19.8637
9/11/2000,0,-5.4917,0.2284,-9.5875,18.6344
9/11/2000,1,-6.9302,-0.1622,-8.4800,16.7354
9/11/2000,2,-5.3012,0.4108,-8.1108,16.2870
9/11/2000,3,-4.8935,0.1585,-8.5614,16.4109
9/11/2000,4,-4.4098,0.3793,-7.9359,16.4792
9/11/2000,5,-4.8352,-0.1258,-8.3955,16.4015
9/11/2000,6,1.6963,1.7051,-3.8855,16.3700
9/11/2000,7,117.9140,530.8244,21.1948,18.4479
9/11/2000,8,343.1982,747.7850,70.8857,25.3947
9/11/2000,9,564.3268,829.6753,103.7998,28.5298
9/11/2000,10,612.7167,476.9988,248.0782,28.6468
9/11/2000,11,744.6275,372.5407,389.9973,29.5741
9/11/2000,12,578.1007,141.8539,396.1410,26.2231
9/11/2000,13,834.8573,552.6477,316.1662,26.0889
9/11/2000,14,608.2273,265.0141,349.3362,26.2870
9/11/2000,15,464.9910,229.4054,267.4337,25.8003
9/11/2000,16,264.3235,221.3922,126.2768,26.1740
9/11/2000,17,137.3885,183.9388,68.2885,23.4214
9/11/2000,18,80.1280,345.6836,18.2862,22.9044
9/11/2000,19,-6.2138,-1.0929,-8.1309,19.1042
9/11/2000,20,-5.9555,0.5668,-8.2394,17.3619
9/11/2000,21,-4.9073,0.2413,-8.5558,16.4043
9/11/2000,22,-6.2555,-0.1299,-8.4355,14.9472
9/11/2000,23,-4.1432,1.1558,-8.0967,14.4204
9/12/2000,0,-5.5275,0.1933,-7.7477,14.4215
9/12/2000,1,-4.3885,0.6258,0.0000,14.0643
9/12/2000,2,-5.1825,0.1978,0.0000,14.4368
9/12/2000,3,-4.6857,0.2732,0.0000,13.7427
9/12/2000,4,-6.4448,-0.0649,0.0000,12.4302
9/12/2000,5,-4.6797,-0.1474,0.0000,11.6704
9/12/2000,6,1.5970,0.5745,3.4778,12.5021
9/12/2000,7,112.3770,537.6638,18.4467,15.6655
9/12/2000,8,320.0262,809.9405,35.8515,19.1101
9/12/2000,9,524.9907,907.7763,52.8375,21.8124
9/12/2000,10,701.5883,956.6645,71.9022,24.8084
9/12/2000,11,829.7542,981.5412,88.9213,25.6250
9/12/2000,12,891.3448,991.3628,95.2517,28.2360
9/12/2000,13,873.5132,970.4175,97.4668,29.4751
9/12/2000,14,786.1882,927.6767,95.3027,31.0419
9/12/2000,15,657.8443,908.3977,74.5030,32.1565
9/12/2000,16,478.9737,847.6813,55.2823,32.3006
9/12/2000,17,268.6003,714.5660,34.4662,31.8818
9/12/2000,18,71.1265,389.0793,10.5047,28.9854
9/12/2000,19,-8.8522,-1.1898,0.0072,23.6518
9/12/2000,20,-7.2067,0.2998,0.0000,21.0197
9/12/2000,21,-4.5590,0.8066,0.0000,20.0620
9/12/2000,22,-4.0568,0.6461,0.0000,20.0069
9/12/2000,23,-4.1143,0.4973,0.0000,20.0701
9/13/2000,0,-4.1178,0.3840,-0.1404,19.6311
9/13/2000,1,-4.2722,0.3040,-9.2197,19.6490
9/13/2000,2,-4.1880,0.3099,-9.3030,19.1893
9/13/2000,3,-4.3843,0.1868,-9.4044,18.9961
9/13/2000,4,-4.2558,0.3241,-9.0221,18.8294
9/13/2000,5,-4.0532,0.2492,-8.8335,19.0999
9/13/2000,6,0.5665,0.6485,-5.4378,19.4207
9/13/2000,7,123.0392,581.5401,21.3582,20.9892
9/13/2000,8,345.3785,799.7438,60.2954,26.1043
9/13/2000,9,501.3397,798.8770,69.1986,30.2535
9/13/2000,10,700.6313,957.1592,40.2889,31.7347
9/13/2000,11,815.1728,928.1437,71.9618,32.5085
9/13/2000,12,857.8862,901.1393,83.5272,33.2145
9/13/2000,13,893.5415,942.3753,89.2046,34.6441
9/13/2000,14,801.3240,938.2898,57.3092,34.2768
9/13/2000,15,588.1367,758.1510,75.7300,35.0543
9/13/2000,16,441.5285,709.0842,65.7747,34.3515
9/13/2000,17,165.3548,234.1130,68.8888,31.0878
9/13/2000,18,50.8058,123.7140,28.2292,28.5085
9/13/2000,19,-5.5672,-0.9797,-10.0177,24.2756
9/13/2000,20,-7.7875,-0.6533,-10.7513,22.1749
9/13/2000,21,-5.8583,0.8512,-9.2050,20.2916
9/13/2000,22,-5.1793,0.6348,-8.9946,19.9183
9/13/2000,23,-5.2190,0.2233,-9.2877,18.6733
9/14/2000,0,-4.2945,0.4674,-8.7073,18.0331
9/14/2000,1,-4.1872,0.3198,-8.6928,18.1046
9/14/2000,2,-4.7813,0.2135,-8.4202,18.0301
9/14/2000,3,-5.2415,0.1024,-8.5837,17.3406
9/14/2000,4,-4.8652,-0.2235,-8.9573,16.3334
9/14/2000,5,-4.2460,0.0094,-8.2442,15.1176
9/14/2000,6,-0.5007,0.0747,-4.5693,14.9887
9/14/2000,7,105.3263,493.8974,20.6314,16.5932
9/14/2000,8,309.2950,776.6410,33.7624,20.3123
9/14/2000,9,512.5172,878.9585,44.8366,22.4711
9/14/2000,10,658.3057,860.5798,65.1275,23.7310
9/14/2000,11,789.0808,902.2542,66.5861,24.0738
9/14/2000,12,867.6160,952.1192,57.0598,25.0969
9/14/2000,13,851.1033,935.0788,60.9366,26.5679
9/14/2000,14,770.8480,901.0998,64.1350,27.8433
9/14/2000,15,629.7900,847.8543,59.9315,29.0332
9/14/2000,16,440.4170,715.5553,62.0503,28.8050
9/14/2000,17,124.0955,131.9593,59.9918,26.9899
9/14/2000,18,37.3365,33.2048,23.6286,23.6695
9/14/2000,19,-4.0482,-0.6549,-7.1330,21.9070
9/14/2000,20,-6.0575,-0.3488,-8.8804,19.9522
9/14/2000,21,-4.5840,0.6645,-8.3867,19.1123
9/14/2000,22,-5.2883,0.2060,-8.2819,18.2719
9/14/2000,23,-5.1485,0.2242,-8.2290,17.1795
9/15/2000,0,-3.9047,0.6013,-8.2645,16.6281
9/15/2000,1,-4.7178,0.0121,-8.2310,16.0120
9/15/2000,2,-4.6070,0.0519,-7.6017,15.0743
9/15/2000,3,-5.1320,0.0327,-7.5463,14.5557
9/15/2000,4,-5.1823,0.2983,-7.7111,13.7278
9/15/2000,5,-4.7510,0.1661,-7.3788,13.0960
9/15/2000,6,0.0888,1.0902,-4.1432,13.2533
9/15/2000,7,104.5592,504.6009,19.1680,16.2537
9/15/2000,8,308.1275,795.4205,29.5092,20.5049
9/15/2000,9,509.1478,900.1923,37.7560,24.1876
9/15/2000,10,681.0218,944.0450,42.2601,27.7031
9/15/2000,11,805.8400,965.4817,47.3455,30.1783
9/15/2000,12,862.0937,966.4027,48.4894,33.1079
9/15/2000,13,844.7852,941.7488,51.9891,32.9343
9/15/2000,14,756.8215,902.9030,57.1518,35.2653
9/15/2000,15,633.5915,884.2175,48.8649,35.3668
9/15/2000,16,446.7548,791.1775,43.2613,35.0339
9/15/2000,17,98.6130,177.0841,30.2350,31.0551
9/15/2000,18,45.2910,263.3165,10.7026,29.4694
9/15/2000,19,-8.5670,-1.2070,-10.5162,24.9461
9/15/2000,20,-5.7125,0.8343,-9.5012,23.0254
9/15/2000,21,-4.4733,1.1733,-9.0138,23.4598
9/15/2000,22,-4.9552,0.5982,-9.8256,22.8983
9/15/2000,23,-4.5692,0.6771,-9.4008,22.8061
9/16/2000,0,-4.5487,0.4946,-9.6186,22.6333
9/16/2000,1,-4.3998,0.4344,-9.8971,22.6080
9/16/2000,2,-4.7062,0.3880,-9.9797,22.0079
9/16/2000,3,-4.2238,0.5838,-9.3323,22.3465
9/16/2000,4,-4.7417,0.2180,-9.8758,22.1087
9/16/2000,5,-4.6260,0.1688,-9.8363,21.6242
9/16/2000,6,-0.5822,0.2202,-6.6250,21.4836
9/16/2000,7,104.8768,486.0209,17.1915,22.9921
9/16/2000,8,312.4758,783.6102,31.0965,25.9087
9/16/2000,9,513.6003,889.4367,41.0651,30.3968
9/16/2000,10,678.3460,915.0960,56.4909,34.5017
9/16/2000,11,801.1282,923.8133,66.1746,34.3690
9/16/2000,12,865.4683,945.5557,65.5251,34.8573
9/16/2000,13,851.8020,927.5882,73.0365,36.0238
9/16/2000,14,764.6607,884.4640,78.9674,37.4973
9/16/2000,15,628.8865,824.7598,79.4552,36.0811
9/16/2000,16,453.6400,758.5707,70.7846,36.3282
9/16/2000,17,255.8722,608.5078,57.2192,34.3220
9/16/2000,18,55.6505,153.3779,26.7380,31.5644
9/16/2000,19,-10.6923,-1.8754,-10.9413,26.5632
9/16/2000,20,-5.5458,0.8450,-9.8216,24.0283
9/16/2000,21,-5.9333,0.1459,-9.1665,23.1505
9/16/2000,22,-6.2628,0.6119,-9.3234,21.9874
9/16/2000,23,-4.6330,0.6582,-9.0624,21.4031
9/17/2000,0,-4.4293,0.5278,-9.0663,21.7535
9/17/2000,1,-8.1988,-0.5601,-9.9720,19.3587
9/17/2000,2,-4.3812,0.9285,-8.5243,19.5290
9/17/2000,3,-4.0905,0.4349,-8.7581,19.9584
9/17/2000,4,-4.6650,0.1896,-8.7826,19.7611
9/17/2000,5,-2.7635,0.4067,-7.4289,20.4626
9/17/2000,6,-1.8158,0.0595,-5.5128,20.9231
9/17/2000,7,67.0453,193.7312,19.9425,21.1177
9/17/2000,8,339.2520,692.6642,81.4148,27.1911
9/17/2000,9,514.3020,779.0243,85.7089,33.4171
9/17/2000,10,400.5032,154.9785,258.4313,33.1176
9/17/2000,11,400.4880,98.2489,282.6508,30.5267
9/17/2000,12,414.0192,138.2353,264.0330,31.6290
9/17/2000,13,534.1480,212.3626,310.6558,34.1089
9/17/2000,14,708.7367,576.8296,234.9895,37.1587
9/17/2000,15,206.5865,20.6840,166.0363,32.8309
9/17/2000,16,158.5988,31.3492,122.0652,30.8124
9/17/2000,17,84.8482,45.4222,58.3857,28.7250
9/17/2000,18,81.5417,192.2346,41.6376,28.7390
9/17/2000,19,-6.0598,-0.7847,-11.0876,25.3770
9/17/2000,20,-3.7215,0.5856,-9.2437,24.8761
9/17/2000,21,-3.5715,0.1126,-7.9509,24.1880
9/17/2000,22,-4.3398,-0.5163,-8.6243,22.9835
9/17/2000,23,-5.5817,-0.3271,-8.1370,21.3150
9/18/2000,0,-4.0275,0.3158,-7.1003,20.4882
9/18/2000,1,-6.3102,-0.2802,-8.8630,19.0726
9/18/2000,2,-5.5128,-0.1142,-8.2803,18.0300
9/18/2000,3,-3.9032,0.0480,-6.7495,17.0950
9/18/2000,4,-2.7057,0.2799,-6.0873,17.5218
9/18/2000,5,-3.0360,0.4409,-6.8162,17.5304
9/18/2000,6,-2.4400,-0.1864,-5.0560,18.0628
9/18/2000,7,31.1987,0.4934,24.9232,18.0091
9/18/2000,8,125.9477,36.6961,101.0702,20.7767
9/18/2000,9,44.0902,-0.1796,33.6436,20.6624
9/18/2000,10,575.3475,546.3060,173.7191,22.7392
9/18/2000,11,670.4542,515.5812,240.0243,25.8690
9/18/2000,12,717.0767,468.7875,287.1163,27.2343
9/18/2000,13,680.3453,539.8680,204.9193,27.3925
9/18/2000,14,478.1428,364.8523,175.4675,27.8431
9/18/2000,15,348.8220,210.3914,196.4230,28.9712
9/18/2000,16,278.6525,285.5253,134.9474,28.5166
9/18/2000,17,122.2820,99.6233,84.6253,27.9438
9/18/2000,18,60.1162,260.4103,19.3992,25.8023
9/18/2000,19,-5.7317,0.0532,-10.7279,21.4667
9/18/2000,20,-4.6328,0.6670,-10.2677,20.8014
9/18/2000,21,-4.3933,0.5671,-9.6719,20.5965
9/18/2000,22,-3.9952,0.6930,-9.0826,20.6350
9/18/2000,23,-3.9502,0.3976,-9.4704,20.8169
9/19/2000,0,-4.2763,0.3493,-9.5012,20.4443
9/19/2000,1,-3.7973,0.4117,-9.5411,20.5970
9/19/2000,2,-3.6777,0.3037,-9.7257,20.3410
9/19/2000,3,-4.1253,0.1384,-9.5926,19.8238
9/19/2000,4,-3.8520,0.1490,-9.4280,19.5742
9/19/2000,5,-4.2507,-0.0942,-9.3957,19.0488
9/19/2000,6,-1.9255,-0.1361,-6.5435,17.9007
9/19/2000,7,97.2233,466.0848,21.0831,19.9213
9/19/2000,8,271.8722,587.8755,70.7822,21.1480
9/19/2000,9,470.4538,721.3977,92.2725,22.8562
9/19/2000,10,656.4515,797.7950,114.1873,24.6152
9/19/2000,11,796.9665,864.6738,117.2008,24.7568
9/19/2000,12,840.9710,827.2122,142.2652,24.7708
9/19/2000,13,653.1072,457.0642,238.7073,24.7743
9/19/2000,14,550.1162,432.7099,228.9490,26.1973
9/19/2000,15,428.5832,373.7537,176.3348,26.0283
9/19/2000,16,142.3283,72.1487,87.1380,24.5787
9/19/2000,17,117.2553,178.3020,60.6541,23.0943
9/19/2000,18,38.9568,42.2108,25.1978,19.8732
9/19/2000,19,-3.7185,-0.6289,-9.2514,17.1750
9/19/2000,20,-3.0530,-0.1500,-8.7203,15.5196
9/19/2000,21,-2.8700,-0.6930,-10.3682,12.1160
9/19/2000,22,-1.4382,-0.5425,-8.4744,9.4231
9/19/2000,23,-0.3367,-0.2864,-6.2029,7.0790
9/20/2000,0,-0.2542,0.0700,-5.7611,6.4396
9/20/2000,1,-0.2500,-0.3182,-6.1162,4.9735
9/20/2000,2,-0.1997,-0.1571,-5.6026,4.3022
9/20/2000,3,-0.1352,-0.1132,-5.4141,3.3647
9/20/2000,4,-0.5862,-0.0251,-5.4084,3.2364
9/20/2000,5,-0.9777,-0.0036,-4.9681,3.2359
9/20/2000,6,0.1150,0.3086,-4.5214,3.3335
9/20/2000,7,19.2978,0.4170,13.3917,4.0180
9/20/2000,8,88.5668,1.3624,77.6532,5.2424
9/20/2000,9,231.6440,15.4061,201.2457,7.2147
9/20/2000,10,246.4845,3.1822,220.1335,9.1036
9/20/2000,11,356.9095,28.4529,304.2923,10.4370
9/20/2000,12,179.3490,1.1903,159.6825,9.5565
9/20/2000,13,279.6385,3.3958,249.0138,11.6615
9/20/2000,14,281.4557,2.5499,249.6692,11.9716
9/20/2000,15,286.1100,2.5458,253.0185,12.7567
9/20/2000,16,222.1948,9.4108,192.1827,12.7248
9/20/2000,17,105.8432,0.0328,92.5917,12.7286
9/20/2000,18,17.5175,-0.6089,12.6970,11.4371
9/20/2000,19,-1.7612,-0.1961,-4.8767,10.0546
9/20/2000,20,-5.2213,-0.4511,-6.6649,9.1290
9/20/2000,21,-6.1523,-0.1027,-7.3379,7.3546
9/20/2000,22,-5.1243,0.6060,-7.1473,6.3418
9/20/2000,23,-3.9335,0.6325,-6.9770,5.8622
9/21/2000,0,-4.3833,0.4658,-6.6371,5.9093
9/21/2000,1,-3.9893,0.7683,-6.6421,5.5256
9/21/2000,2,-3.7850,0.5275,-6.7110,5.7235
9/21/2000,3,-3.6957,0.2635,-6.6798,5.7402
9/21/2000,4,-3.8105,0.2323,-6.3333,5.1292
9/21/2000,5,-3.5768,0.2178,-6.1936,4.8273
9/21/2000,6,-0.8217,0.9727,-3.7208,4.8123
9/21/2000,7,91.2273,497.4002,25.3537,8.3073
9/21/2000,8,291.7390,803.0432,42.7660,13.6175
9/21/2000,9,524.9337,886.8038,79.0470,18.8087
9/21/2000,10,682.2773,934.8750,73.0160,23.0434
9/21/2000,11,569.6295,464.1427,207.1783,25.3023
9/21/2000,12,200.2048,20.6312,157.5310,21.1652
9/21/2000,13,540.1487,262.5450,295.7737,21.9597
9/21/2000,14,306.3058,84.9722,264.9705,22.2338
9/21/2000,15,110.6878,0.5071,95.7978,21.9076
9/21/2000,16,68.6963,-0.5408,55.5630,19.5107
9/21/2000,17,11.6760,-2.5991,3.5170,15.4779
9/21/2000,18,4.4455,-1.2446,-4.1145,10.7718
9/21/2000,19,-0.7997,-0.1360,-7.5140,10.8843
9/21/2000,20,-1.2925,0.2160,-6.9436,10.3890
9/21/2000,21,-1.7247,0.1383,-5.8689,10.4129
9/21/2000,22,-1.9620,0.3465,-5.6967,10.4011
9/21/2000,23,-1.4078,-0.0395,-6.2995,10.2966
9/22/2000,0,-1.5655,-0.2518,-7.1609,8.0156
9/22/2000,1,-0.8057,0.2162,-5.3288,7.5291
9/22/2000,2,-0.7633,0.0622,-6.8661,6.9224
9/22/2000,3,-0.3367,-0.1783,-7.1812,5.6741
9/22/2000,4,-0.1483,0.0018,-6.1469,5.4375
9/22/2000,5,-0.0868,-0.0826,-6.3779,5.0013
9/22/2000,6,0.1875,0.0045,-5.4425,4.8834
9/22/2000,7,11.4065,-0.0043,4.8106,4.8195
9/22/2000,8,28.8202,-0.0323,20.6542,5.0323
9/22/2000,9,67.1325,0.0834,56.3659,5.0511
9/22/2000,10,108.1312,0.3967,92.9890,5.6293
9/22/2000,11,106.5542,0.0577,90.4450,5.7881
9/22/2000,12,119.1203,-0.1209,99.8915,4.0729
9/22/2000,13,140.3672,0.3612,119.7068,3.2989
9/22/2000,14,114.7008,0.4771,97.3318,3.2366
9/22/2000,15,84.2818,0.2708,69.9014,2.8284
9/22/2000,16,69.4458,-0.0179,56.4588,2.3628
9/22/2000,17,25.3665,0.0312,17.0236,1.7457
9/22/2000,18,5.7260,0.0196,-0.5730,1.5449
9/22/2000,19,-0.2603,0.1225,-5.8173,1.5432
9/22/2000,20,-0.3715,0.0116,-6.3142,1.3390
9/22/2000,21,-0.3877,-0.1092,-6.4299,0.3811
9/22/2000,22,-0.3832,0.0722,-5.9628,-0.1517
9/22/2000,23,-0.2762,0.1154,-5.8313,-0.3887
9/23/2000,0,-0.1985,-0.1516,-5.9211,-0.4766
9/23/2000,1,0.0868,-0.6293,-5.7734,-0.5770
9/23/2000,2,-0.0832,-0.6023,-5.8958,-0.6656
9/23/2000,3,0.1328,-0.3336,-5.8268,-0.6809
9/23/2000,4,-0.4565,-0.0684,-5.6417,-0.8304
9/23/2000,5,0.2118,0.2684,-5.7764,-0.6626
9/23/2000,6,0.8353,-0.0135,-5.1885,-0.5485
9/23/2000,7,23.4158,0.2038,16.3258,-0.4157
9/23/2000,8,76.0722,0.3727,67.4901,-0.2474
9/23/2000,9,123.5818,1.3149,112.2555,0.1955
9/23/2000,10,134.8797,1.5394,120.2937,1.1597
9/23/2000,11,132.9640,1.0462,118.4023,1.7788
9/23/2000,12,115.7455,0.5477,100.5296,2.0886
9/23/2000,13,100.1385,-0.1022,84.6499,1.7420
9/23/2000,14,126.2170,0.3270,109.0580,1.4309
9/23/2000,15,107.7938,-0.0028,91.5439,1.8694
9/23/2000,16,40.0800,-0.2922,29.9887,0.7900
9/23/2000,17,16.1342,0.0660,10.5330,-0.3679
9/23/2000,18,3.6647,0.0473,-0.2231,-0.3385
9/23/2000,19,-0.0022,0.0079,-6.2477,-0.3325
9/23/2000,20,0.0502,-0.1550,-6.1590,-0.3813
9/23/2000,21,0.2833,-0.6012,-5.5387,-0.5331
9/23/2000,22,0.4343,-0.7406,-4.8482,-0.5999
9/23/2000,23,0.7612,-0.5030,-6.0270,-0.7295
9/24/2000,0,0.8272,-0.2988,-4.9525,-0.8984
9/24/2000,1,0.4622,-0.1481,0.4923,-1.0948
9/24/2000,2,-0.2532,-0.1144,0.0000,-1.2462
9/24/2000,3,-0.2063,-0.1682,0.0000,-1.4173
9/24/2000,4,-0.0757,-0.2791,0.0000,-1.6222
9/24/2000,5,-0.1588,-0.1612,0.0000,-1.8633
9/24/2000,6,0.1117,-0.1572,0.1548,-1.9358
9/24/2000,7,4.5770,0.1006,4.5595,-1.8201
9/24/2000,8,16.5317,0.4127,16.4027,-1.1857
9/24/2000,9,20.9185,0.2840,20.7228,-0.5465
9/24/2000,10,28.9800,0.5633,28.6370,-0.3066
9/24/2000,11,30.8155,0.6684,30.3405,-0.2467
9/24/2000,12,58.0258,2.3244,56.2668,0.6636
9/24/2000,13,88.1388,7.1139,82.8510,3.7591
9/24/2000,14,427.9617,386.6930,207.2930,7.8594
9/24/2000,15,621.3035,902.7875,95.1738,9.9186
9/24/2000,16,421.7170,822.5778,62.9652,10.6517
9/24/2000,17,217.7685,718.7445,27.5130,10.8711
9/24/2000,18,31.7190,250.0532,4.6465,8.0991
9/24/2000,19,-7.5310,-0.7159,0.0000,2.1013
9/24/2000,20,-4.4333,0.5180,0.0000,0.4688
9/24/2000,21,-4.1995,0.7486,0.0000,-0.0195
9/24/2000,22,-3.3748,0.9352,0.0000,0.1923
9/24/2000,23,-3.6237,0.6496,0.0000,0.5780
9/25/2000,0,-4.1073,0.6901,0.0000,0.4873
9/25/2000,1,-3.6733,1.1232,0.0000,1.2278
9/25/2000,2,-3.7545,0.7074,0.0000,1.9069
9/25/2000,3,-3.8535,0.4568,0.0000,1.5869
9/25/2000,4,-3.7090,0.3973,0.0000,1.4027
9/25/2000,5,-3.4807,0.4225,0.0000,1.6987
9/25/2000,6,-2.3470,2.5005,0.4088,1.5296
9/25/2000,7,85.5712,560.1579,9.5727,3.5422
9/25/2000,8,295.3262,863.1925,28.0455,7.7785
9/25/2000,9,500.6232,985.2292,30.7230,12.9317
9/25/2000,10,673.6537,1024.9633,46.1667,16.3281
9/25/2000,11,793.6898,1033.6050,64.3807,16.5196
9/25/2000,12,849.8062,1039.1550,70.3787,18.4531
9/25/2000,13,833.5652,1028.3883,69.8938,20.4465
9/25/2000,14,756.0705,1015.2368,61.7955,21.8558
9/25/2000,15,609.7477,975.7260,45.9315,22.9314
9/25/2000,16,419.4778,897.1488,31.5695,22.1417
9/25/2000,17,209.2040,737.7883,18.2867,19.1786
9/25/2000,18,27.3065,262.7055,1.5142,17.1995
9/25/2000,19,-8.0892,-0.7995,0.0000,10.8646
9/25/2000,20,-4.7042,0.6540,0.0000,9.3601
9/25/2000,21,-4.5558,0.5708,0.0000,8.6547
9/25/2000,22,-4.1920,0.7544,0.0000,8.6786
9/25/2000,23,-4.6473,0.3840,0.0000,7.9268
9/26/2000,0,-4.6387,0.5492,0.0000,7.7160
9/26/2000,1,-4.4608,0.7197,0.0000,7.8564
9/26/2000,2,-4.1550,0.9802,0.0000,8.1706
9/26/2000,3,-4.2742,1.1089,0.0000,8.7468
9/26/2000,4,-6.5262,0.0121,0.0000,7.2252
9/26/2000,5,-4.7338,0.3590,0.0000,7.4471
9/26/2000,6,-5.1950,0.2431,0.0670,5.6520
9/26/2000,7,81.3298,563.3402,6.6515,7.8688
9/26/2000,8,287.9347,871.3572,21.1452,13.4949
9/26/2000,9,487.0043,962.9370,31.3562,18.9871
9/26/2000,10,659.8155,1002.6268,49.6162,21.3669
9/26/2000,11,774.6107,1003.1823,70.8592,22.0193
9/26/2000,12,840.4837,1022.2183,78.1952,22.2593
9/26/2000,13,826.3363,1017.5850,75.3490,23.6946
9/26/2000,14,738.9210,989.5470,67.0743,25.3917
9/26/2000,15,589.5138,939.3990,51.3837,26.1277
9/26/2000,16,405.9763,872.2683,33.5785,26.3592
9/26/2000,17,197.2995,712.1605,16.5288,23.7365
9/26/2000,18,23.5717,229.8522,1.9962,19.6346
9/26/2000,19,-9.5580,-0.1768,0.0000,15.2071
9/26/2000,20,-6.4563,-0.0277,0.0000,12.9939
9/26/2000,21,-4.4618,0.7098,0.0000,11.5383
9/26/2000,22,-3.5710,0.5463,0.0000,11.3286
9/26/2000,23,-3.5473,0.5037,0.0000,11.3050
9/27/2000,0,-3.8502,0.3709,0.0000,10.9260
9/27/2000,1,-4.1792,0.3759,0.0000,10.5706
9/27/2000,2,-4.2572,0.1857,0.0000,10.1953
9/27/2000,3,-4.6835,0.0489,0.0000,9.1619
9/27/2000,4,-3.9608,0.2792,0.0000,9.0249
9/27/2000,5,-4.5228,-0.1581,0.0000,8.2498
9/27/2000,6,-3.2908,0.3060,0.2988,7.9600
9/27/2000,7,75.2347,501.8926,8.7578,10.1351
9/27/2000,8,276.9942,833.9583,24.0570,15.8848
9/27/2000,9,475.0393,942.9205,32.0547,22.7254
9/27/2000,10,651.5607,990.6198,52.4752,23.8801
9/27/2000,11,771.4627,1007.4015,68.8502,24.3560
9/27/2000,12,824.0147,1005.4773,78.6633,24.6126
9/27/2000,13,805.8460,989.9365,79.9270,25.9333
9/27/2000,14,725.0922,972.5795,69.6683,26.6626
9/27/2000,15,582.5257,932.0487,53.5403,27.3749
9/27/2000,16,396.6165,848.8275,38.6632,26.0206
9/27/2000,17,190.1622,688.9208,18.6608,24.4790
9/27/2000,18,17.6273,144.6631,3.6318,19.9563
9/27/2000,19,-8.2413,-0.6573,0.0000,15.4750
9/27/2000,20,-5.7122,0.4492,0.0000,13.3331
9/27/2000,21,-4.6977,0.7565,0.0000,12.8504
9/27/2000,22,-4.3950,0.4951,0.0000,12.2441
9/27/2000,23,-3.6007,0.7001,0.0000,12.1567
9/28/2000,0,-3.5575,0.4585,-0.1428,12.4072
9/28/2000,1,-3.5688,0.3863,-8.4933,12.0237
9/28/2000,2,-3.8303,0.3552,-8.1496,11.7039
9/28/2000,3,-3.8948,0.3602,-7.9339,11.6009
9/28/2000,4,-4.2762,0.0679,-8.0412,11.0587
9/28/2000,5,-4.1522,0.1805,-7.3709,10.7904
9/28/2000,6,-2.4813,0.5671,-6.1115,10.5137
9/28/2000,7,70.0075,429.0836,13.7964,12.4337
9/28/2000,8,260.1183,783.2702,27.7931,18.8135
9/28/2000,9,454.2858,902.6090,32.4893,24.2406
9/28/2000,10,626.4905,955.0335,36.2883,25.8085
9/28/2000,11,747.0897,973.5930,43.1491,25.7855
9/28/2000,12,760.2982,863.3597,85.0304,26.8009
9/28/2000,13,736.4993,722.6427,160.8340,26.0069
9/28/2000,14,629.6018,671.8431,141.9812,28.4691
9/28/2000,15,531.2662,702.0975,109.5789,29.1216
9/28/2000,16,279.0465,415.9237,84.0111,27.6447
9/28/2000,17,138.9432,384.0084,39.0442,25.3732
9/28/2000,18,15.5368,95.6392,2.2985,21.1068
9/28/2000,19,-6.5357,-0.0157,-9.1167,16.7678
9/28/2000,20,-4.2197,0.7667,-7.8158,16.3325
9/28/2000,21,-3.6597,0.7998,-7.6448,16.2895
9/28/2000,22,-3.1570,0.5061,-7.5139,16.5901
9/28/2000,23,-3.7813,0.3888,-7.8914,16.6851
9/29/2000,0,-4.3407,0.3181,-8.2548,16.0315
9/29/2000,1,-3.7953,0.2287,-8.0298,15.9808
9/29/2000,2,-3.6612,0.0792,-8.4124,15.6120
9/29/2000,3,-3.0295,0.2308,-7.8206,15.2884
9/29/2000,4,-3.8138,0.6586,-10.2026,15.1860
9/29/2000,5,-3.5310,1.2469,-6.6933,15.9537
9/29/2000,6,-1.1795,0.9759,-5.3238,16.8149
9/29/2000,7,19.9752,1.5978,13.0261,17.1259
9/29/2000,8,48.7448,0.9623,39.6888,18.1456
9/29/2000,9,153.9182,4.1171,133.4080,19.5416
9/29/2000,10,528.9440,452.6109,220.1147,23.9536
9/29/2000,11,704.9635,716.0960,166.8262,29.3849
9/29/2000,12,489.2428,241.4889,265.8420,27.0939
9/29/2000,13,472.9953,336.6568,194.5572,25.9806
9/29/2000,14,442.7158,262.5957,234.1478,29.0258
9/29/2000,15,365.5092,330.7452,162.1472,28.6624
9/29/2000,16,185.0615,92.2273,127.3478,26.1276
9/29/2000,17,43.9133,-2.6224,35.3223,22.3613
9/29/2000,18,12.3920,-0.8909,0.6469,11.4786
9/29/2000,19,-1.8330,0.4319,-5.7753,14.3067
9/29/2000,20,-3.2725,0.4245,-6.6958,14.7879
9/29/2000,21,-3.8133,0.0819,-6.6786,13.7875
9/29/2000,22,-2.8578,0.4760,-6.7126,13.6245
9/29/2000,23,-2.7220,0.5789,-5.8037,14.4515
9/30/2000,0,-2.5055,0.5630,-6.6968,15.1301
9/30/2000,1,-2.7115,0.3044,-7.7537,15.4672
9/30/2000,2,-3.6580,0.0669,-8.4295,15.0004
9/30/2000,3,-4.0060,0.0721,-8.0799,14.2102
9/30/2000,4,-3.4785,0.0731,-7.8043,13.7485
9/30/2000,5,-3.6485,-0.1186,-7.4599,13.1800
9/30/2000,6,-0.7607,0.5123,-4.2707,13.0746
9/30/2000,7,102.6557,371.7381,51.2982,16.5881
9/30/2000,8,286.2442,717.3997,68.7602,21.8377
9/30/2000,9,513.8745,868.7178,98.0460,25.0180
9/30/2000,10,661.3440,913.6117,84.0228,25.2308
9/30/2000,11,694.3035,721.7243,152.4025,25.1618
9/30/2000,12,814.7157,932.7975,83.1192,26.4004
9/30/2000,13,807.6293,868.8708,120.4018,25.2590
9/30/2000,14,412.6958,135.5570,267.0158,23.6856
9/30/2000,15,200.1258,6.9360,169.3698,22.2791
9/30/2000,16,185.6905,53.9857,143.4960,23.1028
9/30/2000,17,99.9505,228.8422,53.3820,22.8217
9/30/2000,18,26.8270,125.1021,14.5929,23.4618
9/30/2000,19,-7.5750,-0.4145,-9.2006,18.9082
9/30/2000,20,-5.3270,0.3127,-7.9794,17.3778
9/30/2000,21,-3.2027,0.8257,-6.8107,17.4820
9/30/2000,22,-3.8252,0.3992,-7.1666,17.8107
9/30/2000,23,-4.5857,0.0507,-8.1366,17.0705
10/1/2000,0,-4.0013,0.0427,-7.7686,16.4642
10/1/2000,1,-3.8870,0.1316,-7.0311,16.1871
10/1/2000,2,-3.5822,0.2713,-6.5647,16.2544
10/1/2000,3,-3.9723,0.0298,-6.7720,16.0883
10/1/2000,4,-3.3958,0.4942,-6.9819,15.9017
10/1/2000,5,-3.5210,0.0714,-6.6030,16.1621
10/1/2000,6,-3.9755,-0.0771,-7.5780,15.0807
10/1/2000,7,70.4615,222.9610,41.5667,16.9394
10/1/2000,8,167.5463,81.3015,130.0036,19.6906
10/1/2000,9,241.0822,3.3995,213.0597,21.7093
10/1/2000,10,365.7845,17.4335,312.4548,23.4832
10/1/2000,11,442.1342,41.3298,364.0272,26.1141
10/1/2000,12,665.9762,414.0057,302.1615,26.9562
10/1/2000,13,821.0400,882.3070,138.8648,29.3427
10/1/2000,14,708.7763,909.2713,78.1154,31.3194
10/1/2000,15,579.9543,866.5305,84.0424,32.9093
10/1/2000,16,389.8907,814.4472,45.9586,31.3561
10/1/2000,17,187.9233,694.8160,23.5251,28.0284
10/1/2000,18,24.4830,175.2823,0.8497,24.9674
10/1/2000,19,-8.6555,-0.5326,-10.3644,21.8004
10/1/2000,20,-6.6027,0.3127,-9.3004,19.9835
10/1/2000,21,-6.2028,0.4903,-8.7070,18.1231
10/1/2000,22,-5.1632,0.5681,-8.1716,17.4614
10/1/2000,23,-6.0788,0.0136,-8.4296,16.9646
10/2/2000,0,-5.1377,0.2764,-8.3221,15.8379
10/2/2000,1,-5.0190,-0.4609,0.0000,14.1303
10/2/2000,2,-6.4863,-0.5314,0.0000,9.8786
10/2/2000,3,-4.6850,0.1388,0.0000,8.7705
10/2/2000,4,-4.2327,0.0463,0.0000,8.2864
10/2/2000,5,-3.7770,0.0432,0.0000,8.5296
10/2/2000,6,-3.5533,0.1496,0.0617,8.0783
10/2/2000,7,81.2532,410.6116,31.4317,10.5593
10/2/2000,8,276.6238,729.5342,68.2838,17.5484
10/2/2000,9,455.8280,887.4127,55.2208,21.2251
10/2/2000,10,644.5380,911.7388,112.1727,20.6507
10/2/2000,11,773.5148,932.0390,143.2267,21.2469
10/2/2000,12,768.6007,860.7557,149.9012,22.3035
10/2/2000,13,776.2437,807.2960,203.3512,23.5799
10/2/2000,14,724.3763,883.5467,152.2758,25.5103
10/2/2000,15,534.1332,798.9345,98.8737,29.2613
10/2/2000,16,192.7887,323.6383,56.9180,27.6724
10/2/2000,17,84.2258,231.3378,30.1600,24.1565
10/2/2000,18,9.2177,55.1343,7.1380,19.2587
10/2/2000,19,-6.7622,-0.2764,0.0000,16.6506
10/2/2000,20,-4.5140,0.8402,0.0000,15.7824
10/2/2000,21,-4.1307,0.8545,0.0000,15.9223
10/2/2000,22,-4.3982,0.8377,0.0000,16.1486
10/2/2000,23,-2.7252,0.7075,0.0000,15.9793
10/3/2000,0,-3.9338,-0.1172,-0.1541,15.9588
10/3/2000,1,-5.4335,-0.0349,-8.5612,14.1110
10/3/2000,2,-4.4618,0.2157,-8.0309,13.1564
10/3/2000,3,-3.9508,0.2592,-7.7712,12.9368
10/3/2000,4,-3.5992,0.2975,-7.5105,12.8630
10/3/2000,5,-3.8763,0.0716,-7.5811,12.5297
10/3/2000,6,-3.0348,0.0701,-6.8596,12.3829
10/3/2000,7,58.1307,303.7150,19.8642,13.9649
10/3/2000,8,205.4073,452.2615,73.7835,15.0633
10/3/2000,9,422.6783,594.9116,125.1781,16.8381
10/3/2000,10,575.6040,728.6226,137.5550,24.1352
10/3/2000,11,440.8048,261.3503,236.6468,26.0909
10/3/2000,12,439.8298,279.8700,194.0044,21.6224
10/3/2000,13,466.2320,275.9084,236.7843,25.9363
10/3/2000,14,178.0520,11.3257,152.6606,21.1584
10/3/2000,15,155.8615,16.4109,131.4087,17.4914
10/3/2000,16,260.6655,254.3889,221.8486,16.8319
10/3/2000,17,55.4887,1.3182,43.7577,14.9764
10/3/2000,18,3.5540,-0.2584,-2.4860,12.7706
10/3/2000,19,-5.4558,-0.4774,-7.3389,11.2939
10/3/2000,20,-4.9810,0.1036,-6.7180,9.9562
10/3/2000,21,-4.2790,0.0800,-6.5944,9.2780
10/3/2000,22,-3.2117,0.3646,-6.4424,8.9754
10/3/2000,23,-1.4002,0.5361,-5.2040,10.2599
10/4/2000,0,-2.3143,0.1170,-5.4451,10.1147
10/4/2000,1,-3.9172,0.1560,-7.2784,9.4918
10/4/2000,2,-3.6902,-0.1228,-7.3129,8.7580
10/4/2000,3,-2.9960,0.2826,-6.3494,8.3032
10/4/2000,4,-2.4400,0.4173,-5.9585,8.3457
10/4/2000,5,-3.9228,-0.1180,-7.6354,7.4619
10/4/2000,6,-2.9780,-0.1321,-6.1390,6.3017
10/4/2000,7,14.5847,0.0714,9.1562,5.8655
10/4/2000,8,43.8757,0.4284,36.9044,6.5367
10/4/2000,9,70.3392,0.4896,60.3533,7.5584
10/4/2000,10,214.4872,5.5987,188.9440,9.3167
10/4/2000,11,420.2283,112.6240,307.3723,13.2071
10/4/2000,12,682.0365,507.3031,279.2592,17.7646
10/4/2000,13,394.8527,55.7910,312.0332,15.8902
10/4/2000,14,430.4837,115.4391,350.9817,16.8513
10/4/2000,15,173.4282,2.0193,153.1930,16.0206
10/4/2000,16,78.8217,-0.3220,69.3032,15.1422
10/4/2000,17,47.5610,0.4219,37.1186,16.0578
10/4/2000,18,2.3978,0.0330,-4.2595,16.2541
10/4/2000,19,-2.3622,-0.0157,-7.2225,15.6233
10/4/2000,20,-2.3172,0.1540,-7.3810,15.1547
10/4/2000,21,-1.9810,0.3001,-7.0901,15.4680
10/4/2000,22,-2.9213,-0.1740,-7.6141,14.9786
10/4/2000,23,-2.6967,0.4149,-7.0481,14.9453
10/5/2000,0,-3.2010,-0.4664,-8.8848,13.7498
10/5/2000,1,-0.9532,-0.6748,-8.2300,8.8088
10/5/2000,2,-0.9665,0.1412,-6.2675,8.6772
10/5/2000,3,-1.0168,0.0205,-6.4275,8.4032
10/5/2000,4,-0.6257,-0.5394,-7.1193,6.7675
10/5/2000,5,-0.3797,-0.3793,-6.3341,5.7312
10/5/2000,6,-0.0398,-0.1197,-6.1048,5.3260
10/5/2000,7,5.9278,-0.0282,-0.4100,5.2262
10/5/2000,8,19.1625,-0.5437,11.1778,5.2188
10/5/2000,9,47.0987,-0.4876,35.5689,3.5220
10/5/2000,10,82.4188,-0.0238,68.3867,3.5716
10/5/2000,11,135.9632,0.1694,116.0796,3.8620
10/5/2000,12,157.1827,0.5307,134.7898,4.5490
10/5/2000,13,130.9993,0.2798,110.8676,4.5311
10/5/2000,14,113.2653,0.4617,94.7105,4.2263
10/5/2000,15,62.8710,-0.0594,49.6240,3.5606
10/5/2000,16,39.2798,-0.0524,29.0933,2.3998
10/5/2000,17,21.9132,-0.1938,13.7085,2.0781
10/5/2000,18,2.9785,-0.3351,-3.5669,0.7301
10/5/2000,19,-0.3818,-0.2085,-6.1566,-0.0351
10/5/2000,20,-0.5093,-0.0444,-6.0092,-0.4606
10/5/2000,21,-0.3370,-0.2930,-5.5282,-0.5986
10/5/2000,22,0.1105,-0.0442,-5.1574,-0.5747
10/5/2000,23,-0.1917,0.0961,-5.3180,-0.5107
10/6/2000,0,0.1618,-0.0813,-5.4619,-0.5990
10/6/2000,1,0.1595,0.0044,-5.1534,-0.5237
10/6/2000,2,0.0897,-0.1063,-5.5346,-0.6286
10/6/2000,3,0.1853,-0.1233,-5.5081,-0.9460
10/6/2000,4,0.1418,-0.0934,-5.0507,-1.2461
10/6/2000,5,0.0603,-0.0985,-5.0655,-1.3747
10/6/2000,6,0.0113,-0.1323,-5.0708,-1.4588
10/6/2000,7,8.8897,-0.1444,2.9898,-1.5184
10/6/2000,8,36.6593,0.0889,27.0915,-1.3770
10/6/2000,9,48.9098,-0.0241,40.0030,-1.2301
10/6/2000,10,79.8642,0.4683,67.5463,-1.0178
10/6/2000,11,104.6027,0.7141,89.2854,-0.6893
10/6/2000,12,95.4068,0.6116,80.7342,-0.4890
10/6/2000,13,99.7255,0.4164,84.6103,-0.3772
10/6/2000,14,125.6962,0.4537,109.9515,-0.2338
10/6/2000,15,75.0812,0.3714,63.8249,-0.0817
10/6/2000,16,43.7595,0.6048,35.0056,0.0559
10/6/2000,17,20.9533,0.2756,13.5319,-0.0454
10/6/2000,18,2.1998,0.0502,-3.5782,-0.1666
10/6/2000,19,-0.2085,0.2486,-5.6485,-0.0849
10/6/2000,20,-0.1333,-0.0936,-5.8860,-0.3389
10/6/2000,21,-0.0227,-0.1106,-5.6302,-0.3352
10/6/2000,22,-0.1368,-0.1351,-5.5211,-0.3203
10/6/2000,23,-0.2687,-0.1513,-5.8216,-0.3251
10/7/2000,0,-0.6800,0.1230,-5.6232,-0.4009
10/7/2000,1,-0.4190,0.1807,-5.0674,-0.3368
10/7/2000,2,-0.6618,0.1720,-4.7645,-0.2748
10/7/2000,3,-0.3873,0.0770,-4.6260,-0.2491
10/7/2000,4,-0.7390,0.0946,-4.2388,-0.2508
10/7/2000,5,-0.5318,0.0848,-4.1263,-0.1975
10/7/2000,6,-0.4855,0.1396,-3.8902,-0.1183
10/7/2000,7,9.8788,0.3469,5.6767,0.0188
10/7/2000,8,46.1107,1.1647,39.2907,0.4722
10/7/2000,9,99.2388,1.9208,87.9704,1.4483
10/7/2000,10,127.7883,1.3590,115.0994,2.3257
10/7/2000,11,122.3600,1.3189,108.5833,2.9994
10/7/2000,12,154.3400,1.9692,137.1768,3.9661
10/7/2000,13,184.5075,1.5604,163.4537,4.8174
10/7/2000,14,194.3745,1.2729,172.0928,4.9904
10/7/2000,15,106.6860,0.1356,92.6453,4.4817
10/7/2000,16,78.2320,0.0331,67.4731,4.3161
10/7/2000,17,26.0960,-0.2917,20.1029,3.7096
10/7/2000,18,1.7850,-0.1979,-2.2200,2.9728
10/7/2000,19,-0.6443,-0.0274,-4.7542,2.7167
10/7/2000,20,-1.0330,-0.0563,-4.2788,2.5460
10/7/2000,21,-0.6492,0.0845,-4.4928,2.5050
10/7/2000,22,-1.1190,-0.0259,-4.2741,2.3045
10/7/2000,23,-0.9612,0.1008,-4.3409,2.1064
10/8/2000,0,-1.0633,0.0483,-4.2360,1.9346
10/8/2000,1,-1.0450,0.1364,0.0000,1.7865
10/8/2000,2,-1.0945,0.0855,0.0000,1.6575
10/8/2000,3,-1.1773,0.0153,0.0000,1.4665
10/8/2000,4,-1.0360,0.1498,0.0000,1.3434
10/8/2000,5,-0.7457,0.0959,0.0000,1.4141
10/8/2000,6,-0.6335,-0.0024,0.0222,1.4971
10/8/2000,7,15.4432,0.3021,15.4207,1.6527
10/8/2000,8,78.2755,0.6798,78.0933,2.5993
10/8/2000,9,204.7045,1.6346,203.9635,4.1454
10/8/2000,10,516.0287,252.9930,365.9202,7.9164
10/8/2000,11,627.9770,597.1696,242.3860,11.6440
10/8/2000,12,772.2707,888.0625,158.2975,11.5293
10/8/2000,13,754.1077,909.1192,135.8140,12.7142
10/8/2000,14,666.9118,888.8822,117.1975,13.3292
10/8/2000,15,518.6075,830.8968,94.6232,14.5378
10/8/2000,16,328.8883,716.2923,67.8558,14.2960
10/8/2000,17,115.4225,405.8323,31.9280,12.1538
10/8/2000,18,-2.8028,2.3752,0.9393,7.1278
10/8/2000,19,-6.5315,-0.2140,0.0000,4.5541
10/8/2000,20,-4.4402,0.5844,0.0000,3.1745
10/8/2000,21,-3.7147,0.9964,0.0000,2.8847
10/8/2000,22,-3.7148,0.7033,0.0000,2.8040
10/8/2000,23,-3.5733,0.6144,0.0000,2.6512
10/9/2000,0,-3.9970,0.3091,0.0000,2.1631
10/9/2000,1,-3.8128,0.4132,0.0000,1.4985
10/9/2000,2,-3.4885,0.5058,0.0000,1.6615
10/9/2000,3,-3.7010,0.1905,0.0000,1.7649
10/9/2000,4,-4.2767,-0.3634,0.0000,1.4664
10/9/2000,5,-4.4673,0.0713,0.0000,0.7351
10/9/2000,6,-3.7797,0.2630,0.0000,-0.0508
10/9/2000,7,55.8245,263.3298,28.5412,1.5365
10/9/2000,8,228.9762,692.5267,43.2810,8.6658
10/9/2000,9,420.2330,893.5025,40.2808,13.2449
10/9/2000,10,585.4648,947.3965,58.1057,16.1924
10/9/2000,11,687.8643,962.6437,76.6098,18.1478
10/9/2000,12,753.4388,968.4858,88.6955,18.4548
10/9/2000,13,739.6845,969.1807,85.2475,20.5550
10/9/2000,14,650.4075,943.2135,71.9867,22.8401
10/9/2000,15,495.7840,865.8603,58.5025,22.2375
10/9/2000,16,314.2805,748.3310,45.1285,20.9146
10/9/2000,17,82.0657,268.2520,24.8905,17.4932
10/9/2000,18,-0.4572,-0.8392,3.2425,12.0967
10/9/2000,19,-5.7660,0.1738,0.0000,9.1190
10/9/2000,20,-4.5922,0.5768,0.0000,8.6591
10/9/2000,21,-4.2620,0.8318,0.0000,8.2566
10/9/2000,22,-4.3792,0.6380,0.0000,7.9204
10/9/2000,23,-4.0830,0.8025,0.0000,7.5599
10/10/2000,0,-4.1827,0.3938,-0.0987,6.9967
10/10/2000,1,-3.6312,0.6263,-6.6460,7.5304
10/10/2000,2,-5.0925,-0.0016,-6.9823,6.7242
10/10/2000,3,-4.2098,0.2282,-7.2388,6.0371
10/10/2000,4,-4.1215,0.6501,-7.1117,5.5168
10/10/2000,5,-3.8905,1.0133,-6.9540,5.3412
10/10/2000,6,-3.8355,0.4920,-6.3139,4.8252
10/10/2000,7,41.8822,331.2528,10.4629,7.0769
10/10/2000,8,214.4728,747.8432,28.0073,14.2230
10/10/2000,9,408.6407,886.8898,32.3730,18.9048
10/10/2000,10,575.9022,949.6725,37.7495,20.2681
10/10/2000,11,689.8272,977.9802,43.0288,22.1881
10/10/2000,12,737.5808,969.6737,48.6016,21.9797
10/10/2000,13,702.4613,905.1550,63.1979,21.5576
10/10/2000,14,617.3695,879.5978,62.4385,21.9322
10/10/2000,15,488.5750,830.2112,64.2767,23.0096
10/10/2000,16,272.3732,583.9457,52.8337,21.3976
10/10/2000,17,48.9338,89.9385,22.0781,17.6273
10/10/2000,18,-0.4848,-0.3175,-4.9051,14.4126
10/10/2000,19,-5.4070,0.0224,-8.2326,12.9786
10/10/2000,20,-5.1410,0.2821,-7.3682,11.7999
10/10/2000,21,-4.0990,0.9366,-7.4487,11.9978
10/10/2000,22,-4.5715,0.6340,-7.1292,11.8800
10/10/2000,23,-4.8627,0.2383,-7.9262,11.8117
10/11/2000,0,-4.2793,0.4402,-7.5024,11.6784
10/11/2000,1,-5.8538,0.0492,-7.9938,11.5309
10/11/2000,2,-5.2942,0.0467,-8.5244,9.3906
10/11/2000,3,-4.7053,-0.0766,-7.9400,8.7968
10/11/2000,4,-4.6887,-0.0655,-7.7293,8.2854
10/11/2000,5,-4.1283,0.2358,-7.2812,7.1123
10/11/2000,6,-3.5952,-0.0631,-7.1317,7.7218
10/11/2000,7,42.8737,395.3040,6.3248,8.9570
10/11/2000,8,221.4113,804.8207,20.2974,13.6910
10/11/2000,9,413.6588,928.2648,26.6348,19.7100
10/11/2000,10,572.7092,968.4162,30.2994,21.6646
10/11/2000,11,684.2073,980.0563,37.2091,22.1123
10/11/2000,12,740.9868,993.9332,38.0976,22.2962
10/11/2000,13,718.5113,973.9478,41.9363,24.7322
10/11/2000,14,648.7793,980.5043,38.2409,27.5719
10/11/2000,15,510.9302,956.2593,37.1159,29.0047
10/11/2000,16,326.6585,869.0895,34.6235,28.1110
10/11/2000,17,137.5452,659.9212,26.3929,25.3125
10/11/2000,18,5.7923,0.0483,-1.7048,19.9668
10/11/2000,19,-5.1863,-0.3542,-8.7470,17.9291
10/11/2000,20,-3.9982,0.2069,-7.4804,17.1888
10/11/2000,21,-5.2360,-0.1001,-8.0624,16.5149
10/11/2000,22,-4.4118,0.4123,-7.7905,15.3234
10/11/2000,23,-3.3232,-0.2792,-7.9358,15.5517
10/12/2000,0,-1.9448,0.6856,-6.0026,14.7642
10/12/2000,1,-2.9012,-0.5244,0.0000,14.4697
10/12/2000,2,-2.1468,-0.2229,0.0000,11.3600
10/12/2000,3,-2.0778,0.2069,0.0000,11.2321
10/12/2000,4,-2.9187,-0.0202,0.0000,10.8086
10/12/2000,5,-5.5043,-0.3857,0.0000,9.5516
10/12/2000,6,-5.1727,-0.3608,0.0000,7.8745
10/12/2000,7,36.0498,294.2758,6.5652,8.4745
10/12/2000,8,208.5948,764.1258,16.4788,15.3837
10/12/2000,9,398.5593,889.1790,31.1120,18.9375
10/12/2000,10,563.8548,944.1503,50.0483,18.3990
10/12/2000,11,682.5967,977.5525,64.3458,18.7467
10/12/2000,12,733.6615,979.8693,75.0142,18.4338
10/12/2000,13,715.8883,964.7077,78.7745,18.9733
10/12/2000,14,593.9032,862.4447,76.6330,19.5081
10/12/2000,15,483.3823,863.0307,61.3045,19.4948
10/12/2000,16,307.1642,767.6818,43.7660,19.6515
10/12/2000,17,112.2087,515.8241,20.7782,18.1815
10/12/2000,18,-3.0380,-0.8450,0.9295,13.2364
10/12/2000,19,-4.8573,0.3941,0.0000,11.4041
10/12/2000,20,-4.3017,0.8879,0.0000,11.0329
10/12/2000,21,-4.5123,0.3723,0.0000,11.6346
10/12/2000,22,-5.4173,-0.0431,0.0000,10.2755
10/12/2000,23,-6.2522,0.1117,0.0000,8.3293
10/13/2000,0,-4.9467,0.4756,0.0000,7.2904
10/13/2000,1,-3.9773,0.4829,0.0000,7.0569
10/13/2000,2,-3.9277,0.3293,0.0000,6.9218
10/13/2000,3,-3.6173,0.2834,0.0000,6.9330
10/13/2000,4,-3.7353,-0.0138,0.0000,6.3073
10/13/2000,5,-4.4865,-0.1683,0.0000,5.5230
10/13/2000,6,-3.8033,-0.0018,0.0000,5.1655
10/13/2000,7,30.0752,209.4258,11.6348,6.4461
10/13/2000,8,175.8870,475.3702,57.6355,9.9707
10/13/2000,9,299.5435,501.2687,86.8678,13.9323
10/13/2000,10,540.3847,868.5117,68.0602,16.8439
10/13/2000,11,487.3905,582.0285,126.7113,16.5459
10/13/2000,12,369.2472,257.7918,197.3888,15.9591
10/13/2000,13,544.8698,562.2951,178.0047,15.8143
10/13/2000,14,435.8103,498.6520,149.3295,16.7008
10/13/2000,15,315.5697,482.7919,87.0247,16.5423
10/13/2000,16,129.6082,180.5395,58.6827,16.9524
10/13/2000,17,53.3202,3.2176,52.9722,13.8910
10/13/2000,18,-0.7775,-0.3093,2.5763,11.2321
10/13/2000,19,-6.0957,0.1517,0.0000,9.0721
10/13/2000,20,-5.0662,0.7016,0.0000,8.2772
10/13/2000,21,-6.1447,0.1803,0.0000,7.2908
10/13/2000,22,-4.9533,0.6550,0.0000,6.3348
10/13/2000,23,-3.4257,1.3552,0.0000,6.4010
10/14/2000,0,-4.4673,0.2091,-0.1617,7.1662
10/14/2000,1,-4.1125,0.2522,-8.4086,6.2111
10/14/2000,2,-3.9952,0.4390,-7.8041,5.7170
10/14/2000,3,-4.9945,-0.0327,-7.5239,4.6293
10/14/2000,4,-5.1203,-0.1483,-7.0413,4.0430
10/14/2000,5,-3.4737,1.2620,-6.7779,4.7071
10/14/2000,6,-4.0587,-0.2651,-7.8338,5.9834
10/14/2000,7,35.1062,320.3318,4.5370,5.6588
10/14/2000,8,202.4048,764.1080,24.3613,11.0745
10/14/2000,9,396.9155,894.5092,31.6041,14.8118
10/14/2000,10,563.1217,956.4530,39.8374,15.7906
10/14/2000,11,665.1278,864.6825,101.6500,17.3257
10/14/2000,12,706.2068,902.8243,79.2491,17.3149
10/14/2000,13,412.8828,188.7074,254.9297,17.8008
10/14/2000,14,197.1760,4.6221,170.8987,13.9875
10/14/2000,15,156.6818,0.7147,139.8759,13.8549
10/14/2000,16,111.2437,1.2052,97.8133,13.6507
10/14/2000,17,80.7298,223.2856,64.7793,12.2475
10/14/2000,18,0.1667,-0.8383,-4.1404,8.2183
10/14/2000,19,-5.0852,0.3816,-7.5310,6.2142
10/14/2000,20,-4.2597,0.6257,-7.4663,5.7209
10/14/2000,21,-3.9698,0.7332,-7.3570,5.4797
10/14/2000,22,-4.2188,0.5817,-6.8834,4.7599
10/14/2000,23,-3.8138,0.6077,-7.1511,4.2520
10/15/2000,0,-3.4817,0.5357,-6.9201,4.1091
10/15/2000,1,-3.7768,0.4262,0.0000,3.8192
10/15/2000,2,-3.9940,0.2020,0.0000,3.6602
10/15/2000,3,-4.3982,-0.1417,0.0000,2.8060
10/15/2000,4,-3.3487,0.5015,0.0000,2.5484
10/15/2000,5,-3.3175,0.2266,0.0000,2.9551
10/15/2000,6,-3.9992,-0.3354,0.0000,2.7191
10/15/2000,7,34.1825,286.3746,8.0352,3.0430
10/15/2000,8,204.8350,738.0620,27.2690,7.1471
10/15/2000,9,398.7320,888.9432,41.7143,11.9043
10/15/2000,10,560.4585,956.9713,51.8780,15.1835
10/15/2000,11,676.0398,988.2657,64.3955,15.5786
10/15/2000,12,728.7012,987.8175,78.8168,15.6911
10/15/2000,13,716.0578,927.5817,116.6528,16.0684
10/15/2000,14,577.6073,809.6800,107.2560,16.3714
10/15/2000,15,473.2775,855.4708,68.0923,17.2537
10/15/2000,16,287.4387,731.4545,47.0898,16.8598
10/15/2000,17,90.3923,376.0384,24.9827,15.7346
10/15/2000,18,-1.1177,-0.6024,2.3102,11.2345
10/15/2000,19,-5.6468,-0.0407,0.0000,8.9823
10/15/2000,20,-4.7923,0.6490,0.0000,7.5459
10/15/2000,21,-4.3233,0.5184,0.0000,7.0178
10/15/2000,22,-3.8473,0.6873,0.0000,6.8284
10/15/2000,23,-3.5793,0.6334,0.0000,6.9487
10/16/2000,0,-3.8243,0.2882,0.0000,6.6439
10/16/2000,1,-3.5027,0.5035,0.0000,6.5054
10/16/2000,2,-3.6858,0.2231,0.0000,6.1757
10/16/2000,3,-3.5883,0.3448,0.0000,5.7241
10/16/2000,4,-4.3953,-0.0558,0.0000,5.7590
10/16/2000,5,-3.5645,0.3731,0.0000,5.5959
10/16/2000,6,-4.4495,-0.1067,0.0000,6.2994
10/16/2000,7,32.4438,279.6543,8.2135,6.6072
10/16/2000,8,197.4718,747.0105,19.9768,11.9003
10/16/2000,9,389.0820,896.2097,32.8247,16.4775
10/16/2000,10,547.4497,950.9188,46.2873,19.2011
10/16/2000,11,666.5755,985.9765,60.7932,19.1291
10/16/2000,12,719.7658,994.4252,70.2683,19.6999
10/16/2000,13,704.9893,975.5995,79.7913,20.7328
10/16/2000,14,602.0648,924.2117,68.5503,22.5109
10/16/2000,15,461.7418,878.7083,49.4238,22.7893
10/16/2000,16,276.4667,756.0287,32.2888,22.5255
10/16/2000,17,81.8753,421.4435,10.7317,21.6050
10/16/2000,18,-8.4575,-1.7868,0.0000,14.4151
10/16/2000,19,-6.6203,0.2561,0.0000,10.7619
10/16/2000,20,-4.4460,0.7057,0.0000,9.7718
10/16/2000,21,-3.5925,0.6982,0.0000,9.8332
10/16/2000,22,-3.8638,0.5101,0.0000,9.3825
10/16/2000,23,-3.6797,0.6110,0.0000,9.2468
10/17/2000,0,-4.5642,0.0971,0.0000,8.1670
10/17/2000,1,-3.9888,0.5514,0.0000,7.7597
10/17/2000,2,-5.7767,-0.2237,0.0000,7.0780
10/17/2000,3,-5.4765,-0.0708,0.0000,5.7767
10/17/2000,4,-4.6383,0.1288,0.0000,4.8643
10/17/2000,5,-3.7885,0.2577,0.0000,4.9699
10/17/2000,6,-3.8288,0.0491,0.0000,4.9444
10/17/2000,7,30.9973,290.4949,6.2462,6.7386
10/17/2000,8,196.1055,763.0082,17.9358,11.3816
10/17/2000,9,387.9260,917.4307,26.9913,18.4384
10/17/2000,10,545.4150,962.9083,42.3343,19.3957
10/17/2000,11,659.4660,984.8698,58.8292,18.4777
10/17/2000,12,709.3333,991.0897,66.7507,19.9440
10/17/2000,13,691.1890,982.3038,66.7233,21.5716
10/17/2000,14,593.7338,933.6557,58.7220,24.2452
10/17/2000,15,442.3217,854.7915,45.6777,24.2780
10/17/2000,16,266.0867,752.5305,27.0372,24.8281
10/17/2000,17,75.1507,418.1729,6.0477,22.8571
10/17/2000,18,-8.6167,-1.8577,0.0000,14.6947
10/17/2000,19,-5.4315,0.3494,0.0000,11.1998
10/17/2000,20,-3.8740,0.8274,0.0000,11.0455
10/17/2000,21,-3.6942,0.7805,0.0000,11.1608
10/17/2000,22,-3.6803,0.6171,0.0000,11.1631
10/17/2000,23,-3.8627,0.4349,0.0000,10.7936
10/18/2000,0,-3.9447,0.3757,-0.1343,10.1841
10/18/2000,1,-3.7700,0.4143,-8.1659,9.8037
10/18/2000,2,-4.0183,0.3673,-7.9402,9.2390
10/18/2000,3,-3.9692,0.4096,-7.7504,8.9441
10/18/2000,4,-3.5592,0.4939,-7.7568,9.3038
10/18/2000,5,-4.2180,0.1531,-7.7866,9.4982
10/18/2000,6,-4.0007,0.1232,-7.7993,9.3028
10/18/2000,7,28.3157,281.2960,4.4496,10.3627
10/18/2000,8,191.9920,762.6382,21.8674,15.2649
10/18/2000,9,384.2993,916.1937,25.3343,19.3199
10/18/2000,10,544.1933,978.8115,31.1799,22.7237
10/18/2000,11,658.1633,1003.5898,34.3280,23.6932
10/18/2000,12,710.0390,1012.2350,36.0860,25.2410
10/18/2000,13,689.6735,999.5108,36.4120,26.5199
10/18/2000,14,599.4367,965.6722,34.7920,27.6763
10/18/2000,15,449.1128,892.1767,30.9200,27.1169
10/18/2000,16,266.0853,754.5688,25.1941,25.6968
10/18/2000,17,75.0145,415.8275,10.6012,24.3136
10/18/2000,18,-7.0730,-1.5073,-10.3087,16.9932
10/18/2000,19,-6.0443,0.5775,-9.0289,14.8521
10/18/2000,20,-5.0182,0.9415,-8.7029,13.9637
10/18/2000,21,-4.1420,0.8439,-8.6765,14.1723
10/18/2000,22,-5.9403,-0.0790,-8.8667,12.9942
10/18/2000,23,-4.3102,0.7448,-7.9870,12.6115
10/19/2000,0,-3.8173,0.6376,-8.4675,13.1810
10/19/2000,1,-4.0048,0.4085,-8.5844,13.1074
10/19/2000,2,-4.2770,0.3973,-8.5862,12.9434
10/19/2000,3,-4.1447,0.4511,-8.5041,12.6925
10/19/2000,4,-4.7747,-0.0840,-8.8938,12.4264
10/19/2000,5,-4.2810,0.2007,-8.2499,11.9753
10/19/2000,6,-4.4497,-0.0254,-8.1769,11.6804
10/19/2000,7,40.1768,247.3755,18.0792,13.3117
10/19/2000,8,148.4718,418.1546,41.2229,15.6137
10/19/2000,9,376.4228,864.2613,37.8998,20.7456
10/19/2000,10,526.0168,926.9453,43.6300,26.1222
10/19/2000,11,651.4595,937.6620,64.6291,26.7700
10/19/2000,12,679.7040,838.9000,111.2213,26.8814
10/19/2000,13,524.7485,580.1467,131.0907,26.1345
10/19/2000,14,447.3717,492.1400,137.2715,25.3302
10/19/2000,15,444.2567,540.8852,174.4595,25.2283
10/19/2000,16,191.6737,193.0030,111.3486,23.4714
10/19/2000,17,37.4738,-0.8255,27.5448,19.0428
10/19/2000,18,-2.2948,-0.0646,-6.7750,17.6359
10/19/2000,19,-3.4893,-0.1970,-7.5201,16.8562
10/19/2000,20,-3.8250,0.0050,-7.5043,15.7814
10/19/2000,21,-4.7047,0.1023,-8.4493,14.2769
10/19/2000,22,-4.7620,0.0130,-8.1839,13.1008
10/19/2000,23,-3.4730,0.1835,-6.2527,12.0736
10/20/2000,0,-2.1265,0.4870,-5.7536,12.1772
10/20/2000,1,-5.3977,-0.2282,-8.9180,11.4454
10/20/2000,2,-5.4993,0.2478,-8.7869,9.1976
10/20/2000,3,-5.1833,0.3362,-8.1320,7.7475
10/20/2000,4,-5.8138,-0.2692,-7.3338,6.3579
10/20/2000,5,-5.0207,0.1499,-7.3120,5.4785
10/20/2000,6,-3.9042,0.0424,-6.9897,4.8659
10/20/2000,7,22.4697,182.1500,6.4475,5.2735
10/20/2000,8,172.3213,661.3297,31.1662,11.0031
10/20/2000,9,357.0642,837.2498,38.6813,16.7569
10/20/2000,10,513.7448,903.7793,44.5534,17.3078
10/20/2000,11,621.7673,925.9398,53.7878,17.7786
10/20/2000,12,667.0202,923.4882,59.5237,18.3422
10/20/2000,13,650.5823,919.8252,58.4748,20.1544
10/20/2000,14,563.8873,883.1010,55.4566,21.0079
10/20/2000,15,426.1393,811.2015,49.2159,19.2140
10/20/2000,16,251.3920,677.3862,36.5416,18.2511
10/20/2000,17,69.6725,329.2741,15.2127,16.3754
10/20/2000,18,-4.2292,-0.4164,-7.7336,12.4766
10/20/2000,19,-5.6213,0.0766,-8.6300,10.6603
10/20/2000,20,-4.2588,0.7482,-7.5867,9.9594
10/20/2000,21,-4.1787,0.6908,-7.5003,9.7102
10/20/2000,22,-4.6420,0.3668,-7.8905,9.2339
10/20/2000,23,-4.5807,0.3492,-7.6315,8.4471
10/21/2000,0,-4.7322,0.4193,-7.1291,7.7907
10/21/2000,1,-4.4303,0.5433,-7.3998,7.6491
10/21/2000,2,-4.1575,0.2985,-7.7881,7.5939
10/21/2000,3,-4.1713,0.3513,-7.2746,7.2673
10/21/2000,4,-5.5478,-0.3810,-7.2879,6.3783
10/21/2000,5,-4.1728,0.0094,-6.5272,6.4499
10/21/2000,6,-3.7737,0.6455,-7.0818,6.7966
10/21/2000,7,23.5153,244.2804,5.1397,8.4731
10/21/2000,8,177.3237,736.8625,24.9175,15.1181
10/21/2000,9,367.9093,892.8913,30.6292,17.4969
10/21/2000,10,526.4490,959.7600,36.8546,20.5891
10/21/2000,11,641.4167,990.9362,40.3690,23.1714
10/21/2000,12,690.9428,1000.9375,42.9433,24.9389
10/21/2000,13,669.0300,981.6042,40.8154,25.2218
10/21/2000,14,578.3653,919.5540,48.4332,24.7757
10/21/2000,15,378.5215,598.7388,82.5896,24.0088
10/21/2000,16,147.5878,125.1378,84.9970,19.8959
10/21/2000,17,36.5968,18.6233,26.9386,17.4979
10/21/2000,18,-3.5310,-0.2802,-7.4358,15.6277
10/21/2000,19,-6.3153,-0.7245,-9.0120,13.6793
10/21/2000,20,-4.7227,0.3641,-8.0618,11.9861
10/21/2000,21,-4.5835,0.2551,-7.4428,11.3191
10/21/2000,22,-4.2795,0.6967,-7.2389,10.6284
10/21/2000,23,-3.7273,0.5833,-7.3063,10.5536
10/22/2000,0,-3.9188,0.1688,-7.8688,9.9239
10/22/2000,1,-4.0007,0.1358,-7.7253,8.7978
10/22/2000,2,-3.3950,0.7335,-7.3610,9.3436
10/22/2000,3,-3.2417,-0.0314,-8.5185,9.5730
10/22/2000,4,-3.1117,-0.2214,-8.6146,8.7005
10/22/2000,5,-3.0387,-0.0981,-8.3435,8.2364
10/22/2000,6,-2.3138,0.0135,-6.1939,8.5100
10/22/2000,7,7.0997,0.0001,1.6089,7.9353
10/22/2000,8,14.5168,-0.3720,7.9371,7.5306
10/22/2000,9,22.0005,-0.8795,12.9026,5.6364
10/22/2000,10,29.1337,-0.1743,20.2294,4.6576
10/22/2000,11,53.3217,-0.0016,42.3075,4.1512
10/22/2000,12,69.3480,0.2538,56.9355,4.4944
10/22/2000,13,70.4645,-0.0362,57.7010,4.2486
10/22/2000,14,59.9450,0.1176,48.6318,4.0059
10/22/2000,15,50.7468,0.1116,40.3489,3.9614
10/22/2000,16,26.1258,0.0151,18.2790,3.6734
10/22/2000,17,9.2647,-0.0431,3.0270,3.4775
10/22/2000,18,0.1028,-0.0478,-5.5343,3.1889
10/22/2000,19,-0.2118,0.0233,-5.2485,3.0581
10/22/2000,20,-0.3837,0.0315,-4.9993,3.1763
10/22/2000,21,-0.3930,0.1052,-4.7949,3.1757
10/22/2000,22,-0.2852,0.0790,-5.1689,3.3175
10/22/2000,23,-0.3233,0.0337,-4.9923,3.3800
10/23/2000,0,-0.1443,0.0724,-5.0425,3.3654
10/23/2000,1,-0.2800,0.0086,-4.5753,3.4902
10/23/2000,2,-0.2758,0.0028,-4.5649,3.4673
10/23/2000,3,-0.2875,-0.0062,-5.2678,3.3351
10/23/2000,4,-0.1037,0.0010,-4.3790,3.3165
10/23/2000,5,-0.1005,-0.0002,-4.2645,3.4474
10/23/2000,6,-0.0373,0.0001,-4.2226,3.5985
10/23/2000,7,3.4297,0.0062,-0.3063,3.7613
10/23/2000,8,30.7278,0.0566,25.0671,4.2210
10/23/2000,9,68.4172,0.6322,58.1848,4.6643
10/23/2000,10,239.0993,19.9915,205.8637,6.9765
10/23/2000,11,173.4375,0.8709,152.5015,8.7519
10/23/2000,12,251.3078,4.6933,220.0560,8.7456
10/23/2000,13,211.3107,1.3872,186.0190,9.2264
10/23/2000,14,182.7568,0.9080,160.0497,9.2334
10/23/2000,15,148.7700,1.1362,131.0931,9.9712
10/23/2000,16,115.6977,0.2648,100.1438,9.3464
10/23/2000,17,13.2963,-0.4010,7.2666,8.2213
10/23/2000,18,-0.1335,-0.3125,-5.1807,7.2597
10/23/2000,19,-0.9277,-0.1408,-4.8720,6.8713
10/23/2000,20,-0.2665,0.0868,-4.3618,6.7020
10/23/2000,21,-0.9087,0.0282,-4.0333,6.6919
10/23/2000,22,-2.2970,0.0191,-5.2736,6.2250
10/23/2000,23,-2.2178,0.0490,-5.2009,5.8593
10/24/2000,0,-1.2138,0.2257,-4.7196,5.7469
10/24/2000,1,-1.2233,0.0579,-4.2375,5.6834
10/24/2000,2,-0.9012,0.4590,-4.4326,6.1880
10/24/2000,3,-1.2275,-0.0938,-5.5211,6.5589
10/24/2000,4,-1.8200,0.0207,-6.5547,5.5111
10/24/2000,5,-0.5595,0.0365,-4.3086,5.3835
10/24/2000,6,-0.6655,-0.0000,-4.5487,5.2182
10/24/2000,7,4.8260,0.0045,1.0143,5.5641
10/24/2000,8,58.0542,13.3494,48.0282,6.3394
10/24/2000,9,184.2723,7.5920,160.9223,9.1293
10/24/2000,10,246.4327,41.8226,201.2603,9.9203
10/24/2000,11,479.6938,451.9008,242.8728,13.2273
10/24/2000,12,633.2445,799.3202,111.0425,14.3703
10/24/2000,13,643.7333,908.6017,70.3269,15.1267
10/24/2000,14,555.0268,858.4560,71.8184,15.6589
10/24/2000,15,412.9347,785.7725,62.5936,16.7769
10/24/2000,16,235.5175,657.0542,44.8768,17.0177
10/24/2000,17,54.2313,265.6210,14.0822,14.4432
10/24/2000,18,-6.4335,-0.7790,-7.9931,9.4522
10/24/2000,19,-4.1845,0.5441,-7.3454,7.9323
10/24/2000,20,-3.5472,1.0949,-6.5264,7.8213
10/24/2000,21,-3.6115,0.8089,-7.1677,9.1358
10/24/2000,22,-5.4877,0.3100,-7.4620,8.4406
10/24/2000,23,-5.1658,0.6762,-7.6693,7.8152
10/25/2000,0,-4.4228,0.6078,-7.4805,8.0088
10/25/2000,1,-5.7255,-0.0843,-7.6482,6.7013
10/25/2000,2,-4.3538,0.4772,-6.8868,5.7380
10/25/2000,3,-4.4995,0.3341,-6.8914,6.1043
10/25/2000,4,-3.2422,0.9198,-6.5870,7.0905
10/25/2000,5,-3.7422,0.1610,-7.6291,7.7629
10/25/2000,6,-4.2450,-0.0991,-7.9188,7.6234
10/25/2000,7,17.8478,234.1910,0.6501,8.5197
10/25/2000,8,166.9610,749.3683,16.1845,11.3788
10/25/2000,9,356.2612,911.0540,23.1408,14.9746
10/25/2000,10,491.4127,918.0513,38.1508,18.9541
10/25/2000,11,625.3608,994.7650,37.8741,18.9896
10/25/2000,12,696.5208,1007.2172,56.9849,18.9564
10/25/2000,13,355.7098,158.1895,224.4415,17.3914
10/25/2000,14,153.4852,8.4596,128.8434,14.9615
10/25/2000,15,364.8773,369.9319,189.9665,16.3668
10/25/2000,16,327.1410,574.9170,131.5176,17.8076
10/25/2000,17,38.0392,8.8332,25.5744,13.4638
10/25/2000,18,-2.2885,-0.0922,-8.0291,11.9480
10/25/2000,19,-4.3648,-0.0051,-8.5346,10.6631
10/25/2000,20,-3.7497,0.4641,-8.6217,9.7199
10/25/2000,21,-3.8148,0.6689,-8.6262,9.2416
10/25/2000,22,-4.0472,0.4842,-8.3986,8.8517
10/25/2000,23,-4.0395,0.4992,-8.3321,8.3447
10/26/2000,0,-4.6120,0.3383,-7.8748,7.6797
10/26/2000,1,-5.0502,0.1071,-7.7601,6.4613
10/26/2000,2,-3.9432,0.6888,-7.6153,6.2414
10/26/2000,3,-3.7205,0.4873,-7.6054,6.5669
10/26/2000,4,-3.9378,0.2030,-7.9426,6.1946
10/26/2000,5,-3.5443,0.2372,-7.8820,5.8417
10/26/2000,6,-3.4610,0.0677,-8.0009,5.9315
10/26/2000,7,16.6450,223.6957,0.3002,6.5948
10/26/2000,8,162.6028,743.0438,16.8430,9.6011
10/26/2000,9,347.7098,909.7623,24.9318,15.2963
10/26/2000,10,498.3932,966.8478,25.6926,17.6704
10/26/2000,11,608.9962,998.1130,31.0626,18.4261
10/26/2000,12,660.8273,1009.3398,31.8039,19.3150
10/26/2000,13,643.6543,1005.7807,31.4182,19.5974
10/26/2000,14,555.7683,975.2730,29.1636,20.3333
10/26/2000,15,412.7640,903.5023,26.0851,19.4701
10/26/2000,16,234.2642,769.1065,20.1671,17.6118
10/26/2000,17,48.0922,274.3669,7.8988,15.1985
10/26/2000,18,-5.6845,-0.5007,-9.2579,10.2378
10/26/2000,19,-4.6543,0.3316,-8.3716,8.8063
10/26/2000,20,-3.8032,0.6527,-8.0340,7.9141
10/26/2000,21,-3.1903,0.8169,-7.4319,8.1560
10/26/2000,22,-3.5733,0.5247,-7.8554,8.0120
10/26/2000,23,-3.5853,0.3532,-7.5350,7.4559
10/27/2000,0,-3.3203,0.3707,-7.0089,7.1084
10/27/2000,1,-3.2442,0.3707,-6.8798,7.1145
10/27/2000,2,-4.2040,0.0912,-7.5098,6.2271
10/27/2000,3,-3.4992,0.3507,-7.1070,5.7725
10/27/2000,4,-3.1427,0.2685,-6.7321,5.6928
10/27/2000,5,-3.6670,-0.0864,-6.9391,5.2836
10/27/2000,6,-3.6962,-0.2326,-7.1672,4.6282
10/27/2000,7,25.0392,183.8839,10.7606,5.2141
10/27/2000,8,158.8212,482.0948,63.1395,9.2503
10/27/2000,9,303.9743,458.2225,123.7203,10.9289
10/27/2000,10,449.6758,529.8227,165.1995,12.3488
10/27/2000,11,569.4450,651.4612,167.1668,13.5356
10/27/2000,12,572.8575,648.8110,148.2683,14.5994
10/27/2000,13,603.7063,736.2988,140.2215,15.4249
10/27/2000,14,425.9378,401.4141,183.1320,15.5013
10/27/2000,15,291.7198,211.7213,172.9817,15.1040
10/27/2000,16,139.3295,42.6955,111.7302,13.0978
10/27/2000,17,32.3423,6.9489,25.2348,11.3102
10/27/2000,18,-3.5137,-0.4137,-7.5218,9.1049
10/27/2000,19,-3.5938,0.0948,-5.8745,8.0884
10/27/2000,20,-3.3055,0.4993,-5.7780,7.5670
10/27/2000,21,-2.7770,0.5881,-5.7555,7.5767
10/27/2000,22,-3.0425,0.4282,-5.9337,7.3995
10/27/2000,23,-3.4643,0.3615,-5.9974,7.1230
10/28/2000,0,-2.8028,0.3653,-5.6736,6.9206
10/28/2000,1,-2.5700,0.2656,-5.8885,6.8113
10/28/2000,2,-2.8360,0.0517,-6.0346,6.5551
10/28/2000,3,-2.5745,0.1566,-5.7872,6.4267
10/28/2000,4,-2.7990,0.0126,-5.5470,6.1601
10/28/2000,5,-2.7717,-0.0846,-5.3767,5.9372
10/28/2000,6,-2.2105,-0.0747,-5.6819,5.8082
10/28/2000,7,3.3717,0.1113,-0.2970,5.8792
10/28/2000,8,45.1332,0.7583,38.1165,6.7147
10/28/2000,9,136.3440,6.8965,118.1577,8.5569
10/28/2000,10,159.7237,1.9654,142.4671,10.6456
10/28/2000,11,165.5547,0.1181,145.7132,11.2737
10/28/2000,12,239.5753,38.2333,189.3820,10.6692
10/28/2000,13,395.3218,117.2141,282.6412,12.4746
10/28/2000,14,243.5443,10.3408,209.4257,12.5792
10/28/2000,15,148.7215,1.2089,127.5347,11.3593
10/28/2000,16,153.7220,58.5888,118.1582,11.7470
10/28/2000,17,39.2450,2.5603,31.0718,10.9650
10/28/2000,18,-2.6970,-0.2334,-6.2059,9.6689
10/28/2000,19,-2.6682,0.4038,-6.2811,9.1876
10/28/2000,20,-2.6867,0.2930,-5.8637,8.8533
10/28/2000,21,-1.6867,0.5088,-5.7208,9.4554
10/28/2000,22,-0.9798,-0.2606,-5.9509,8.4010
10/28/2000,23,-0.5733,-0.1035,-6.0147,7.9934
10/29/2000,0,-0.3992,0.1057,-6.2864,7.6252
10/29/2000,1,-1.8565,0.5603,-5.6744,8.3695
10/29/2000,2,-1.8285,-0.0378,-5.9821,8.6264
10/29/2000,3,-1.9423,0.0562,-5.2869,7.5808
10/29/2000,4,-1.8827,0.3644,-5.4953,7.5357
10/29/2000,5,-2.3040,0.4890,-5.1383,7.5811
10/29/2000,6,-2.4775,0.3164,-5.0435,7.6152
10/29/2000,7,1.0648,-0.0474,-1.8327,7.0586
10/29/2000,8,70.1205,22.3730,55.1868,9.6201
10/29/2000,9,354.4165,716.4059,86.7147,15.0202
10/29/2000,10,492.1650,956.5982,26.0061,15.4869
10/29/2000,11,602.6335,997.7102,27.4840,15.7592
10/29/2000,12,655.6587,1015.6350,27.9917,16.7718
10/29/2000,13,637.2302,1012.2783,27.4831,17.3876
10/29/2000,14,554.8482,988.2877,24.8087,17.6884
10/29/2000,15,418.3175,927.6607,20.3046,17.6943
10/29/2000,16,233.2120,797.7040,15.7752,17.9472
10/29/2000,17,47.5255,335.6805,2.8375,15.9582
10/29/2000,18,-5.5078,0.0156,-9.2332,11.4184
10/29/2000,19,-4.5002,0.4410,-8.7334,10.6017
10/29/2000,20,-5.0263,0.4927,-8.2202,9.6072
10/29/2000,21,-5.4990,0.1666,-8.1189,9.0090
10/29/2000,22,-5.4337,0.5860,-7.6159,7.5274
10/29/2000,23,-3.9220,0.6952,-7.5137,7.6828
10/30/2000,0,-3.9483,0.4443,-7.7751,7.4927
10/30/2000,1,-3.7723,0.4528,-7.6818,7.1720
10/30/2000,2,-3.6218,0.3472,-7.7770,6.5254
10/30/2000,3,-3.3928,0.2024,-7.4600,6.3881
10/30/2000,4,-3.2687,0.0138,-7.0569,6.1039
10/30/2000,5,-3.8113,-0.1373,-6.9497,5.4431
10/30/2000,6,-3.0253,0.0509,-6.7317,4.9542
10/30/2000,7,3.9013,4.5389,-0.3087,4.8022
10/30/2000,8,92.9128,131.1975,53.4875,5.5789
10/30/2000,9,265.2922,612.1990,42.9376,11.0795
10/30/2000,10,442.0990,835.2722,50.5527,17.0579
10/30/2000,11,514.7228,743.6512,81.0010,14.4363
10/30/2000,12,665.0127,915.5923,102.0153,15.8145
10/30/2000,13,621.7180,978.8280,43.4259,16.7647
10/30/2000,14,528.7995,935.9275,37.9886,16.8295
10/30/2000,15,394.1430,873.9517,33.4592,16.6714
10/30/2000,16,204.5428,670.1496,25.8607,15.9922
10/30/2000,17,14.8347,34.2311,6.0675,12.2068
10/30/2000,18,-4.5427,-0.2297,-7.6316,8.5686
10/30/2000,19,-4.8790,0.1696,-7.4314,7.3116
10/30/2000,20,-3.6907,0.8273,-7.1107,7.0563
10/30/2000,21,-3.6198,0.7566,-7.1651,6.8826
10/30/2000,22,-3.9465,0.6641,-7.3871,6.6071
10/30/2000,23,-3.7240,0.5883,-7.6516,6.3742
10/31/2000,0,-3.7857,0.3161,-7.5718,5.9520
10/31/2000,1,-4.1365,0.2535,-7.6025,5.1831
10/31/2000,2,-4.7830,0.0312,-7.4889,3.7879
10/31/2000,3,-3.9103,0.1119,-6.9812,2.9811
10/31/2000,4,-3.6360,-0.0337,-6.8640,2.8488
10/31/2000,5,-3.2458,0.0354,-6.8730,2.6700
10/31/2000,6,-3.2263,-0.0303,-6.5925,2.6211
10/31/2000,7,1.8708,0.1160,-1.4287,2.7003
10/31/2000,8,31.9652,0.6589,25.7777,3.5309
10/31/2000,9,95.7810,0.9592,82.7085,5.7030
10/31/2000,10,100.9123,-0.2737,86.0128,5.4036
10/31/2000,11,72.1553,0.1673,61.3189,4.5182
10/31/2000,12,82.9757,0.1945,70.4475,4.6926
10/31/2000,13,59.9065,0.0058,48.6849,4.4910
10/31/2000,14,68.2955,0.2756,55.5487,4.4789
10/31/2000,15,160.3640,1.1651,138.5175,5.3280
10/31/2000,16,86.9802,12.9606,71.5684,5.4475
10/31/2000,17,12.0255,-0.2473,7.7374,4.4547
10/31/2000,18,-0.9588,0.0346,-5.5142,4.2136
10/31/2000,19,-1.3302,-0.0361,-6.5564,3.8907
10/31/2000,20,-3.4003,0.1643,-6.3057,3.4858
10/31/2000,21,-3.1542,0.8514,-5.1977,3.8195
10/31/2000,22,-2.5857,0.0532,-6.0997,3.7319
10/31/2000,23,-1.0212,0.9157,-5.9074,4.5220
